account_id,account_open_date,home_country,customer_age,income_band,industry,is_fraud_account
1,2023-01-26,US,36,50000,Finance,0
2,2024-11-23,GB,26,150000,Technology,0
3,2023-04-06,US,35,150000,Education,1
4,2023-07-23,GB,47,50000,Technology,1
5,2023-01-07,US,65,100000,Retail,0
6,2023-08-09,US,27,35000,Technology,0
7,2023-12-19,GB,37,35000,Technology,0
8,2024-01-23,US,56,75000,Education,0
9,2024-01-06,GB,33,35000,Healthcare,0
10,2025-03-02,US,26,50000,Healthcare,0
11,2024-04-09,US,31,75000,Retail,0
12,2023-10-01,US,59,50000,Education,0
13,2023-06-17,CA,45,75000,Education,0
14,2023-11-29,US,35,35000,Retail,0
15,2023-03-09,US,57,75000,Finance,0
16,2024-02-10,CA,30,75000,Finance,0
17,2024-07-28,GB,37,150000,Technology,0
18,2024-02-13,US,35,50000,Education,0
19,2025-02-12,US,28,50000,Finance,0
20,2024-03-08,GB,25,100000,Technology,0
21,2024-04-24,GB,37,150000,Healthcare,0
22,2023-04-28,GB,69,75000,Retail,0
23,2024-03-21,US,50,35000,Retail,0
24,2025-02-19,US,53,35000,Retail,0
25,2024-06-03,GB,33,50000,Retail,0
26,2024-07-06,GB,21,150000,Retail,0
27,2023-04-25,US,74,75000,Finance,0
28,2024-08-03,US,26,100000,Healthcare,1
29,2024-06-29,US,29,100000,Education,0
30,2024-06-24,GB,48,50000,Education,0
31,2024-12-07,US,66,75000,Technology,0
32,2024-10-27,US,49,150000,Technology,0
33,2023-08-19,US,42,35000,Education,0
34,2024-08-25,US,21,35000,Healthcare,0
35,2023-02-02,US,25,150000,Finance,0
36,2024-05-12,US,55,50000,Education,0
37,2023-09-06,CA,72,100000,Finance,0
38,2024-11-05,CA,43,100000,Technology,0
39,2025-01-16,US,64,35000,Healthcare,0
40,2023-12-14,US,36,50000,Finance,0
41,2023-05-24,CA,32,75000,Technology,0
42,2023-03-19,CA,72,150000,Healthcare,0
43,2024-07-07,US,26,50000,Finance,1
44,2024-05-07,US,46,35000,Finance,0
45,2024-02-04,US,71,100000,Retail,0
46,2025-01-18,GB,63,100000,Finance,0
47,2023-08-11,US,58,150000,Healthcare,0
48,2023-02-28,US,58,100000,Education,0
49,2024-06-27,US,24,150000,Healthcare,0
50,2023-03-12,GB,25,50000,Technology,0
51,2024-08-06,US,58,150000,Healthcare,0
52,2024-03-05,GB,57,150000,Retail,0
53,2023-07-29,US,36,75000,Technology,0
54,2024-10-22,US,50,75000,Healthcare,0
55,2024-09-28,GB,27,35000,Education,1
56,2023-09-29,US,43,35000,Finance,0
57,2023-06-11,CA,74,150000,Retail,0
58,2024-10-31,GB,21,150000,Retail,0
59,2023-04-17,US,37,35000,Healthcare,0
60,2023-06-09,US,39,150000,Finance,0
61,2023-07-28,US,53,100000,Retail,0
62,2023-02-22,US,61,100000,Retail,0
63,2023-12-08,US,61,75000,Finance,1
64,2024-07-18,CA,56,35000,Healthcare,0
65,2024-12-08,US,55,35000,Retail,1
66,2023-06-01,CA,29,35000,Retail,0
67,2023-02-10,US,34,50000,Healthcare,0
68,2024-07-27,CA,60,50000,Finance,0
69,2023-07-01,CA,22,50000,Retail,0
70,2024-02-26,US,38,50000,Healthcare,0
71,2023-02-09,CA,35,50000,Technology,0
72,2023-08-22,US,22,50000,Technology,0
73,2023-03-13,US,43,150000,Technology,0
74,2024-07-03,US,22,35000,Retail,0
75,2023-09-29,US,27,150000,Technology,0
76,2023-11-18,CA,59,150000,Healthcare,0
77,2024-08-13,US,37,35000,Technology,0
78,2024-07-05,US,44,100000,Healthcare,1
79,2023-12-05,GB,41,35000,Retail,0
80,2024-11-13,CA,41,100000,Retail,0
81,2023-07-16,CA,63,100000,Finance,0
82,2023-11-05,CA,56,35000,Retail,0
83,2024-03-16,GB,59,75000,Technology,0
84,2024-11-22,US,53,100000,Finance,0
85,2023-10-18,GB,63,150000,Retail,0
86,2025-02-08,US,64,75000,Finance,0
87,2023-05-31,US,23,50000,Technology,0
88,2025-02-25,US,50,100000,Education,0
89,2024-12-14,CA,52,100000,Finance,0
90,2024-12-05,US,69,35000,Technology,0
91,2024-12-13,GB,50,35000,Education,0
92,2023-05-05,CA,29,100000,Education,0
93,2024-09-01,US,69,100000,Education,0
94,2024-05-31,CA,74,150000,Technology,0
95,2025-01-31,CA,49,75000,Finance,0
96,2023-10-11,GB,52,50000,Retail,0
97,2024-12-31,US,36,75000,Retail,0
98,2024-07-07,US,29,50000,Finance,0
99,2023-06-06,US,25,100000,Technology,0
100,2024-04-22,CA,24,50000,Technology,0
101,2025-02-27,GB,65,35000,Education,0
102,2023-01-07,US,40,100000,Technology,0
103,2025-01-22,GB,72,150000,Finance,0
104,2023-10-07,CA,52,35000,Technology,0
105,2024-11-26,CA,67,50000,Technology,0
106,2024-09-29,GB,22,100000,Education,0
107,2023-01-28,US,62,100000,Finance,0
108,2023-07-06,US,37,100000,Retail,0
109,2023-12-01,US,69,100000,Retail,0
110,2024-03-07,US,74,35000,Technology,0
111,2024-07-06,US,43,50000,Healthcare,1
112,2024-10-29,US,69,35000,Finance,0
113,2023-01-21,GB,30,50000,Finance,0
114,2023-04-28,GB,34,100000,Retail,0
115,2023-06-21,GB,59,35000,Finance,0
116,2023-04-21,GB,22,75000,Education,0
117,2024-01-20,CA,66,50000,Healthcare,0
118,2024-10-04,US,27,75000,Education,0
119,2024-08-02,US,43,150000,Technology,0
120,2023-03-12,GB,62,75000,Healthcare,0
121,2024-05-16,US,48,75000,Technology,0
122,2024-03-21,US,67,150000,Retail,0
123,2024-07-05,CA,50,100000,Education,0
124,2023-09-09,US,38,100000,Finance,0
125,2024-08-06,GB,63,100000,Retail,0
126,2023-11-29,US,52,50000,Retail,1
127,2023-12-15,US,59,75000,Education,0
128,2023-07-15,US,36,100000,Technology,1
129,2023-09-04,CA,62,100000,Technology,0
130,2023-04-06,US,35,100000,Finance,0
131,2024-08-18,US,51,150000,Education,0
132,2025-02-02,GB,42,75000,Technology,0
133,2023-09-15,US,28,50000,Retail,0
134,2024-07-02,US,33,50000,Technology,0
135,2024-08-26,GB,59,75000,Healthcare,0
136,2023-10-31,US,44,50000,Retail,0
137,2024-06-30,US,38,35000,Healthcare,1
138,2024-12-15,US,61,100000,Healthcare,0
139,2024-08-10,US,51,100000,Technology,0
140,2023-02-22,US,51,35000,Healthcare,0
141,2023-03-17,GB,61,35000,Finance,0
142,2024-07-30,US,26,50000,Healthcare,0
143,2024-03-02,GB,59,150000,Finance,0
144,2024-01-25,CA,49,75000,Education,0
145,2023-11-09,GB,60,35000,Education,0
146,2023-04-12,US,61,50000,Retail,0
147,2023-06-10,US,32,150000,Healthcare,0
148,2024-02-23,CA,65,150000,Technology,0
149,2023-08-26,US,66,75000,Technology,0
150,2023-08-28,US,71,150000,Finance,1
151,2024-07-11,US,62,50000,Retail,0
152,2023-03-15,US,31,75000,Education,0
153,2024-08-05,US,49,35000,Technology,0
154,2024-12-17,CA,38,150000,Education,0
155,2023-03-24,GB,23,100000,Retail,0
156,2023-01-27,US,35,150000,Education,0
157,2025-02-22,US,57,35000,Finance,0
158,2024-10-29,CA,38,50000,Education,0
159,2024-05-18,US,51,75000,Technology,0
160,2024-11-17,US,75,50000,Retail,0
161,2024-05-22,US,63,100000,Education,0
162,2023-04-01,US,37,75000,Healthcare,1
163,2024-02-18,GB,73,35000,Education,0
164,2023-02-25,US,54,75000,Education,0
165,2024-10-02,CA,69,35000,Finance,0
166,2023-05-15,US,49,100000,Healthcare,0
167,2024-10-07,GB,72,50000,Finance,1
168,2023-01-15,GB,47,35000,Finance,0
169,2023-04-27,CA,28,50000,Technology,0
170,2023-10-26,GB,66,75000,Technology,0
171,2024-04-28,US,50,150000,Finance,0
172,2024-09-05,GB,68,50000,Healthcare,0
173,2024-02-29,US,71,150000,Retail,0
174,2023-10-17,US,74,150000,Education,0
175,2024-05-16,US,49,150000,Technology,0
176,2024-07-19,GB,45,100000,Retail,0
177,2024-12-15,US,57,100000,Finance,0
178,2024-02-25,US,41,100000,Technology,0
179,2024-11-10,US,52,35000,Finance,0
180,2024-08-27,US,27,100000,Healthcare,0
181,2024-04-12,US,67,50000,Technology,0
182,2023-06-08,US,51,75000,Retail,0
183,2024-02-12,US,75,75000,Education,0
184,2023-11-21,CA,55,35000,Education,0
185,2024-10-08,US,35,35000,Technology,1
186,2025-02-17,US,49,50000,Retail,0
187,2023-02-17,US,71,35000,Retail,0
188,2024-03-17,US,36,150000,Technology,0
189,2023-07-04,US,32,35000,Education,0
190,2024-09-26,US,52,150000,Finance,0
191,2024-10-15,US,50,75000,Healthcare,0
192,2024-04-21,US,64,150000,Finance,0
193,2023-12-20,GB,40,100000,Retail,1
194,2023-11-06,US,45,100000,Healthcare,0
195,2024-08-08,US,57,75000,Retail,0
196,2024-11-05,CA,38,35000,Education,1
197,2025-03-07,US,59,100000,Retail,0
198,2023-08-24,GB,72,75000,Finance,0
199,2024-09-27,US,64,50000,Healthcare,0
200,2024-10-23,US,40,100000,Healthcare,0
201,2025-01-19,US,26,75000,Retail,0
202,2023-06-29,US,29,150000,Retail,0
203,2023-10-07,US,37,100000,Retail,0
204,2023-12-13,US,50,35000,Finance,0
205,2023-08-20,CA,75,150000,Retail,0
206,2024-02-09,US,37,150000,Healthcare,0
207,2024-11-19,US,58,100000,Retail,0
208,2023-08-28,CA,22,150000,Education,0
209,2024-09-16,US,62,35000,Technology,0
210,2023-11-06,CA,28,50000,Healthcare,0
211,2023-11-08,CA,28,35000,Finance,0
212,2023-05-19,CA,50,75000,Education,0
213,2025-01-30,US,47,35000,Technology,0
214,2023-10-14,US,65,75000,Finance,0
215,2023-08-30,US,27,75000,Education,0
216,2024-10-22,US,24,100000,Retail,0
217,2023-05-06,CA,26,50000,Education,0
218,2023-02-21,US,36,50000,Education,0
219,2025-02-22,GB,34,150000,Finance,0
220,2023-08-27,US,70,50000,Education,0
221,2023-05-29,US,55,75000,Finance,1
222,2023-01-27,US,21,75000,Finance,0
223,2023-01-17,US,37,35000,Finance,0
224,2024-06-22,US,68,35000,Technology,0
225,2024-01-06,GB,58,35000,Technology,0
226,2024-09-21,US,67,150000,Retail,0
227,2023-02-01,US,51,100000,Technology,0
228,2024-05-17,CA,25,35000,Retail,0
229,2023-03-09,US,38,150000,Education,0
230,2023-11-29,CA,59,150000,Retail,0
231,2024-09-11,CA,27,35000,Education,0
232,2023-08-09,CA,49,50000,Technology,0
233,2024-04-09,CA,47,35000,Retail,0
234,2024-11-12,US,44,50000,Technology,0
235,2023-03-29,US,48,35000,Retail,1
236,2024-07-23,US,58,150000,Education,0
237,2023-05-06,CA,43,100000,Healthcare,0
238,2024-09-06,US,43,35000,Education,0
239,2023-06-08,CA,35,35000,Retail,0
240,2024-01-12,US,69,75000,Education,0
241,2024-03-15,GB,70,150000,Education,0
242,2024-07-24,US,59,75000,Healthcare,0
243,2024-12-20,US,42,75000,Healthcare,0
244,2023-05-27,GB,63,100000,Healthcare,0
245,2024-10-10,US,26,150000,Finance,0
246,2024-04-09,US,31,75000,Retail,0
247,2025-03-06,GB,59,35000,Healthcare,0
248,2025-02-11,GB,24,35000,Retail,0
249,2024-03-10,CA,59,100000,Technology,0
250,2025-02-12,GB,28,75000,Technology,0
251,2024-11-25,GB,52,150000,Retail,0
252,2024-02-09,GB,24,35000,Finance,1
253,2023-08-05,US,69,75000,Retail,0
254,2023-01-08,CA,68,100000,Finance,0
255,2024-06-29,US,53,150000,Retail,0
256,2025-01-29,US,48,35000,Technology,1
257,2023-11-17,GB,48,150000,Technology,0
258,2024-03-03,US,28,100000,Healthcare,0
259,2023-06-25,GB,50,75000,Healthcare,0
260,2023-04-19,US,48,150000,Technology,0
261,2024-02-10,US,68,75000,Finance,0
262,2023-06-22,US,53,35000,Education,0
263,2025-03-05,US,43,50000,Finance,0
264,2023-09-20,US,32,150000,Finance,0
265,2024-11-02,US,32,100000,Technology,0
266,2025-02-17,GB,49,150000,Education,0
267,2024-10-04,US,30,100000,Healthcare,0
268,2024-10-08,US,71,75000,Education,0
269,2024-06-03,US,40,100000,Technology,1
270,2024-01-13,US,25,35000,Education,1
271,2024-01-29,CA,58,150000,Healthcare,0
272,2024-08-08,US,41,150000,Technology,0
273,2023-03-05,CA,27,75000,Healthcare,0
274,2023-06-26,US,36,100000,Technology,0
275,2024-09-16,US,44,75000,Retail,0
276,2025-03-04,US,64,150000,Healthcare,0
277,2024-10-24,US,25,75000,Healthcare,0
278,2024-01-31,US,37,150000,Finance,0
279,2024-08-19,US,43,75000,Technology,0
280,2024-12-26,US,40,150000,Technology,0
281,2023-12-03,US,63,150000,Healthcare,0
282,2024-03-09,GB,44,35000,Retail,0
283,2023-08-08,US,70,100000,Finance,0
284,2023-05-21,US,25,75000,Healthcare,0
285,2024-07-06,GB,23,75000,Education,0
286,2024-01-21,US,31,50000,Education,0
287,2023-06-19,CA,23,100000,Retail,0
288,2023-09-01,CA,60,75000,Technology,0
289,2023-09-02,US,72,100000,Finance,0
290,2024-08-07,CA,50,75000,Technology,0
291,2024-03-04,US,73,50000,Education,0
292,2023-09-14,US,62,100000,Retail,0
293,2023-04-16,GB,75,35000,Retail,0
294,2023-06-14,US,49,150000,Finance,0
295,2023-04-04,US,73,100000,Retail,0
296,2024-02-29,US,46,150000,Retail,0
297,2023-03-25,US,35,35000,Retail,0
298,2025-01-01,US,71,50000,Finance,0
299,2024-04-28,US,69,100000,Technology,1
300,2023-03-23,US,37,50000,Finance,0
301,2025-01-14,GB,54,100000,Healthcare,0
302,2023-09-01,US,28,35000,Finance,0
303,2024-09-29,CA,25,35000,Technology,0
304,2023-01-17,GB,57,50000,Finance,0
305,2023-01-02,GB,43,50000,Education,0
306,2024-11-11,US,54,75000,Healthcare,0
307,2024-07-11,GB,71,150000,Education,0
308,2024-04-26,US,61,100000,Retail,1
309,2023-01-17,US,71,35000,Retail,0
310,2024-11-03,US,70,150000,Retail,0
311,2023-12-27,GB,42,50000,Technology,0
312,2024-05-05,US,72,50000,Healthcare,0
313,2024-04-13,US,39,50000,Healthcare,0
314,2023-02-12,US,40,150000,Technology,0
315,2024-07-10,CA,37,35000,Finance,0
316,2025-03-10,US,62,75000,Retail,0
317,2024-01-12,CA,46,100000,Technology,0
318,2023-07-11,CA,65,100000,Retail,0
319,2024-06-15,US,72,35000,Technology,0
320,2024-09-08,US,55,75000,Retail,1
321,2023-12-02,US,40,100000,Education,0
322,2023-06-20,CA,43,100000,Healthcare,0
323,2023-12-28,GB,48,75000,Healthcare,0
324,2024-10-14,CA,44,150000,Finance,1
325,2023-05-27,GB,64,100000,Healthcare,0
326,2023-08-30,US,44,100000,Education,0
327,2023-06-07,CA,44,75000,Technology,1
328,2024-08-10,US,54,75000,Technology,0
329,2023-10-13,US,28,35000,Finance,0
330,2024-02-01,GB,28,75000,Retail,0
331,2023-08-08,GB,39,100000,Finance,0
332,2023-03-17,CA,32,100000,Healthcare,0
333,2023-11-24,US,66,35000,Education,0
334,2023-11-04,US,66,50000,Retail,0
335,2023-05-05,US,71,50000,Finance,0
336,2023-01-27,US,56,150000,Retail,0
337,2024-07-18,US,60,35000,Healthcare,0
338,2025-01-04,CA,54,100000,Technology,0
339,2023-03-17,US,41,35000,Technology,0
340,2024-06-13,US,29,150000,Education,0
341,2023-05-13,CA,53,35000,Healthcare,0
342,2023-11-08,US,31,75000,Finance,0
343,2024-06-15,US,75,35000,Retail,0
344,2024-07-18,US,29,75000,Education,0
345,2024-05-29,US,58,150000,Finance,0
346,2024-10-01,GB,42,150000,Healthcare,0
347,2023-01-30,US,23,150000,Retail,0
348,2025-02-24,GB,47,150000,Healthcare,0
349,2024-10-04,GB,39,75000,Technology,0
350,2024-12-02,CA,40,100000,Healthcare,0
351,2023-06-11,CA,47,100000,Technology,0
352,2024-09-13,US,41,75000,Retail,0
353,2023-05-14,US,53,150000,Healthcare,0
354,2024-04-22,US,38,100000,Finance,0
355,2023-02-21,US,45,150000,Technology,0
356,2023-06-13,US,57,75000,Finance,0
357,2024-05-25,GB,50,100000,Retail,0
358,2023-04-03,CA,53,100000,Finance,0
359,2023-12-28,US,24,75000,Technology,0
360,2024-10-31,CA,39,150000,Healthcare,0
361,2024-03-17,US,37,75000,Technology,0
362,2024-02-15,US,57,150000,Finance,0
363,2023-10-23,US,45,150000,Technology,0
364,2023-10-14,GB,64,150000,Healthcare,0
365,2023-04-10,CA,44,75000,Education,0
366,2025-02-12,US,33,150000,Education,0
367,2023-02-11,US,23,50000,Retail,0
368,2024-06-15,CA,30,150000,Education,0
369,2024-09-19,US,31,100000,Education,0
370,2023-11-03,GB,42,150000,Education,0
371,2024-12-26,GB,40,100000,Healthcare,0
372,2024-11-20,US,47,150000,Retail,0
373,2025-01-12,US,59,100000,Retail,0
374,2025-03-05,GB,57,50000,Healthcare,0
375,2023-06-24,GB,61,150000,Technology,0
376,2024-11-28,US,23,150000,Healthcare,0
377,2024-03-27,US,47,50000,Technology,0
378,2024-02-25,GB,70,150000,Technology,0
379,2025-01-23,US,66,50000,Education,0
380,2023-11-29,CA,54,100000,Retail,0
381,2024-04-15,GB,42,150000,Retail,0
382,2025-01-08,US,60,100000,Finance,0
383,2023-10-13,GB,40,50000,Retail,0
384,2024-12-22,US,65,100000,Retail,0
385,2024-07-27,US,39,35000,Education,0
386,2024-01-24,CA,73,75000,Finance,0
387,2023-10-22,US,43,100000,Retail,0
388,2023-08-08,US,73,150000,Retail,0
389,2024-12-13,US,29,35000,Education,0
390,2023-09-03,US,24,150000,Finance,0
391,2023-02-23,US,47,75000,Technology,0
392,2025-02-28,US,21,150000,Finance,0
393,2024-05-02,CA,62,50000,Retail,0
394,2024-10-23,US,70,35000,Education,0
395,2025-01-26,US,32,100000,Finance,0
396,2023-02-07,CA,71,100000,Finance,0
397,2023-10-24,US,21,75000,Education,0
398,2023-12-10,US,50,150000,Education,0
399,2023-05-18,GB,50,75000,Finance,0
400,2023-12-05,US,67,100000,Retail,0
401,2023-01-15,US,71,75000,Education,0
402,2023-07-17,US,60,100000,Technology,0
403,2023-03-30,CA,63,35000,Finance,0
404,2024-05-03,US,36,35000,Retail,0
405,2024-04-02,US,42,75000,Education,0
406,2023-01-12,US,62,75000,Finance,0
407,2023-05-02,CA,40,50000,Technology,1
408,2024-12-21,US,65,35000,Retail,0
409,2023-08-15,US,29,100000,Finance,0
410,2024-09-12,US,47,150000,Technology,0
411,2024-11-11,US,69,50000,Education,0
412,2023-03-25,GB,49,150000,Retail,0
413,2024-07-31,US,24,150000,Education,1
414,2024-07-03,US,31,75000,Education,0
415,2024-11-27,US,66,150000,Technology,0
416,2024-06-06,CA,72,35000,Technology,0
417,2024-03-01,CA,57,35000,Education,0
418,2023-11-12,US,46,75000,Healthcare,0
419,2024-08-15,US,23,100000,Retail,0
420,2024-07-08,US,25,100000,Healthcare,0
421,2023-07-04,US,70,100000,Retail,0
422,2024-01-27,CA,45,100000,Healthcare,0
423,2024-11-08,GB,29,75000,Healthcare,0
424,2024-07-04,CA,54,50000,Finance,0
425,2025-02-13,US,40,100000,Education,0
426,2024-01-24,US,36,100000,Retail,0
427,2023-07-13,US,23,100000,Education,0
428,2023-01-17,US,34,35000,Healthcare,0
429,2024-04-02,GB,64,35000,Finance,0
430,2024-02-16,CA,35,150000,Finance,0
431,2025-03-05,US,29,150000,Retail,0
432,2025-01-19,GB,41,150000,Education,0
433,2023-11-25,US,40,50000,Education,0
434,2023-11-04,US,24,150000,Education,0
435,2023-06-29,CA,56,100000,Healthcare,0
436,2024-10-20,CA,71,150000,Retail,0
437,2024-02-23,US,40,100000,Finance,0
438,2024-04-29,US,75,50000,Retail,0
439,2023-05-28,CA,24,150000,Technology,0
440,2024-07-24,GB,29,100000,Finance,0
441,2023-12-05,US,49,75000,Healthcare,0
442,2023-07-15,US,38,100000,Education,0
443,2023-03-16,US,72,150000,Education,0
444,2023-08-02,US,40,35000,Finance,0
445,2025-01-29,US,68,100000,Finance,0
446,2024-12-21,US,46,50000,Education,0
447,2023-10-17,CA,50,150000,Retail,0
448,2024-01-04,GB,52,100000,Healthcare,0
449,2025-01-09,CA,69,75000,Finance,0
450,2024-02-28,US,57,50000,Finance,0
451,2024-07-20,GB,58,100000,Retail,1
452,2023-12-04,US,45,150000,Finance,0
453,2024-11-01,US,37,100000,Technology,0
454,2025-01-20,US,31,50000,Education,0
455,2024-07-09,US,54,35000,Healthcare,0
456,2024-11-15,US,69,35000,Technology,0
457,2024-10-07,US,25,50000,Healthcare,0
458,2024-04-11,US,24,150000,Education,0
459,2024-11-06,CA,22,35000,Education,0
460,2023-01-13,US,54,75000,Education,0
461,2023-01-18,GB,73,100000,Finance,0
462,2023-04-09,GB,30,50000,Finance,0
463,2023-09-16,US,38,100000,Healthcare,0
464,2024-02-20,CA,57,50000,Finance,0
465,2023-03-24,US,26,100000,Technology,0
466,2024-05-02,US,61,35000,Finance,0
467,2024-03-20,US,57,35000,Education,0
468,2023-08-24,US,65,150000,Technology,0
469,2023-03-18,US,55,150000,Healthcare,0
470,2023-11-19,US,34,150000,Finance,0
471,2024-12-30,CA,25,75000,Finance,0
472,2024-08-03,CA,64,150000,Retail,0
473,2025-01-27,US,71,35000,Education,0
474,2023-12-21,US,27,100000,Finance,0
475,2023-12-15,GB,70,150000,Education,0
476,2025-03-03,US,22,75000,Technology,0
477,2023-12-31,GB,45,100000,Finance,0
478,2024-11-07,CA,26,150000,Retail,0
479,2024-12-31,US,26,75000,Finance,0
480,2024-10-11,US,68,100000,Retail,0
481,2023-04-04,US,40,100000,Retail,0
482,2023-04-15,US,26,50000,Technology,0
483,2024-07-22,GB,47,35000,Healthcare,0
484,2024-07-21,US,59,150000,Retail,0
485,2023-01-13,US,47,100000,Healthcare,0
486,2024-07-26,US,57,150000,Finance,0
487,2023-06-23,US,38,75000,Retail,0
488,2023-03-06,US,48,75000,Technology,0
489,2023-03-20,US,37,50000,Technology,0
490,2023-07-20,CA,27,50000,Retail,0
491,2024-02-10,US,74,150000,Technology,1
492,2023-12-04,CA,42,100000,Education,0
493,2023-11-25,GB,65,50000,Technology,0
494,2024-02-12,US,39,100000,Education,0
495,2023-11-30,CA,38,100000,Retail,0
496,2024-07-31,US,58,150000,Finance,0
497,2024-07-17,US,67,100000,Finance,0
498,2023-10-26,US,73,100000,Technology,0
499,2023-11-07,US,37,50000,Technology,0
500,2023-03-17,CA,59,100000,Education,0
501,2024-06-02,CA,55,35000,Retail,0
502,2024-07-03,GB,61,35000,Healthcare,0
503,2024-11-04,US,31,150000,Healthcare,0
504,2024-10-22,CA,69,75000,Technology,0
505,2023-04-11,US,35,150000,Education,0
506,2024-12-05,GB,35,100000,Retail,0
507,2025-03-01,GB,65,150000,Finance,0
508,2023-01-26,CA,27,75000,Technology,0
509,2023-03-29,US,74,50000,Retail,0
510,2024-04-11,US,54,100000,Retail,0
511,2024-03-24,CA,41,35000,Retail,0
512,2024-12-28,US,22,75000,Healthcare,1
513,2023-06-18,US,54,50000,Education,0
514,2024-07-27,CA,50,50000,Technology,0
515,2023-07-10,CA,46,35000,Education,0
516,2024-04-05,GB,48,100000,Healthcare,0
517,2023-07-30,US,69,35000,Education,0
518,2024-07-03,US,44,75000,Finance,0
519,2023-09-26,CA,54,75000,Education,0
520,2024-02-06,GB,28,75000,Retail,0
521,2024-09-24,US,73,75000,Education,0
522,2024-11-19,US,41,35000,Finance,0
523,2023-07-07,US,65,50000,Education,0
524,2024-09-02,US,57,100000,Technology,0
525,2024-10-12,GB,65,50000,Education,0
526,2023-10-23,US,32,75000,Technology,0
527,2024-01-03,US,52,50000,Finance,0
528,2024-07-29,GB,62,100000,Technology,0
529,2024-03-01,CA,52,50000,Healthcare,0
530,2025-02-18,US,39,35000,Retail,0
531,2023-10-23,US,70,100000,Education,0
532,2025-02-23,CA,56,150000,Healthcare,0
533,2023-10-02,GB,73,75000,Education,0
534,2023-02-12,CA,55,50000,Technology,0
535,2024-10-31,US,40,35000,Technology,0
536,2023-03-31,CA,28,50000,Finance,0
537,2024-08-25,US,66,150000,Technology,0
538,2023-05-23,US,73,50000,Healthcare,0
539,2024-06-29,US,59,150000,Finance,0
540,2024-12-21,US,39,150000,Retail,0
541,2024-06-10,US,29,100000,Healthcare,0
542,2024-11-02,US,65,50000,Finance,0
543,2023-11-26,US,69,100000,Technology,0
544,2024-10-09,US,61,100000,Technology,0
545,2024-10-10,US,46,150000,Retail,0
546,2024-01-13,CA,52,75000,Education,0
547,2025-03-03,US,67,100000,Retail,1
548,2024-07-01,CA,34,100000,Finance,0
549,2023-11-27,US,42,150000,Education,0
550,2024-05-11,US,64,35000,Healthcare,0
551,2024-04-15,US,28,50000,Technology,0
552,2024-03-14,US,65,50000,Retail,0
553,2023-10-08,US,62,75000,Retail,0
554,2024-11-11,US,24,100000,Retail,0
555,2025-02-12,US,48,35000,Healthcare,0
556,2024-05-03,US,29,150000,Finance,1
557,2024-03-31,US,21,75000,Healthcare,0
558,2024-03-08,US,51,35000,Finance,0
559,2025-01-18,US,27,75000,Retail,0
560,2023-05-21,CA,70,50000,Finance,0
561,2024-07-30,US,60,50000,Technology,1
562,2023-08-07,US,47,150000,Technology,0
563,2023-03-30,US,29,35000,Education,0
564,2023-12-26,CA,41,50000,Finance,0
565,2023-03-28,US,56,150000,Education,0
566,2023-10-19,US,75,75000,Finance,0
567,2024-06-05,US,68,100000,Retail,0
568,2023-09-03,CA,45,35000,Finance,0
569,2024-08-31,US,54,35000,Retail,0
570,2023-05-16,CA,74,150000,Technology,0
571,2024-11-30,US,69,100000,Healthcare,0
572,2023-03-11,US,37,50000,Healthcare,1
573,2024-02-12,GB,39,150000,Technology,0
574,2024-02-16,US,61,150000,Education,0
575,2023-10-12,US,40,35000,Education,0
576,2023-06-09,GB,41,100000,Education,0
577,2024-10-27,US,40,100000,Finance,0
578,2023-03-30,CA,28,100000,Education,1
579,2023-11-13,US,28,35000,Finance,0
580,2023-06-17,CA,43,150000,Education,0
581,2025-01-08,US,31,75000,Finance,0
582,2023-10-03,US,70,35000,Retail,0
583,2023-10-06,GB,25,75000,Education,0
584,2024-05-23,CA,53,75000,Healthcare,0
585,2024-08-03,US,44,50000,Retail,0
586,2024-08-10,US,35,150000,Healthcare,0
587,2023-01-13,US,23,100000,Retail,1
588,2023-06-03,US,75,35000,Education,0
589,2025-01-01,CA,35,75000,Finance,0
590,2025-01-07,US,38,35000,Education,0
591,2024-05-29,US,32,50000,Education,0
592,2024-02-15,US,50,75000,Retail,0
593,2024-07-20,CA,21,75000,Finance,0
594,2023-11-08,GB,36,100000,Retail,0
595,2024-05-20,US,67,150000,Finance,0
596,2024-02-24,US,35,150000,Retail,0
597,2024-12-11,US,42,35000,Technology,0
598,2025-01-14,US,27,50000,Education,0
599,2024-03-05,CA,24,50000,Retail,0
600,2023-08-26,GB,47,75000,Technology,0
601,2023-03-28,GB,27,150000,Finance,0
602,2024-02-08,US,58,150000,Healthcare,0
603,2023-05-14,US,39,75000,Retail,0
604,2024-02-07,US,41,100000,Retail,0
605,2023-07-27,US,70,150000,Healthcare,0
606,2023-06-18,CA,50,75000,Technology,0
607,2024-01-02,US,49,75000,Technology,0
608,2023-05-03,US,31,75000,Education,0
609,2023-12-02,US,26,50000,Retail,1
610,2023-02-20,US,37,50000,Healthcare,0
611,2024-04-08,GB,68,150000,Finance,0
612,2023-04-15,US,28,35000,Healthcare,0
613,2023-08-16,US,33,100000,Retail,0
614,2024-10-22,US,58,150000,Retail,0
615,2023-03-18,US,25,50000,Technology,0
616,2023-04-05,US,28,35000,Technology,0
617,2024-08-10,CA,73,100000,Technology,1
618,2024-11-30,CA,32,75000,Finance,1
619,2023-10-09,US,49,50000,Healthcare,0
620,2024-09-23,US,62,75000,Technology,0
621,2024-07-17,CA,24,35000,Retail,0
622,2024-03-05,US,62,150000,Finance,0
623,2024-07-10,US,45,75000,Technology,0
624,2024-05-11,US,57,150000,Retail,0
625,2023-07-04,US,41,150000,Finance,0
626,2025-03-08,US,24,100000,Education,1
627,2024-08-21,US,31,35000,Finance,0
628,2023-09-30,GB,73,35000,Finance,0
629,2024-02-02,US,74,50000,Finance,0
630,2023-11-22,US,58,35000,Retail,0
631,2024-07-31,US,57,50000,Technology,0
632,2023-06-29,CA,23,35000,Healthcare,0
633,2023-08-13,US,54,100000,Healthcare,0
634,2024-09-20,US,72,50000,Retail,0
635,2023-11-28,US,22,50000,Education,0
636,2023-05-26,US,75,150000,Retail,0
637,2024-01-18,CA,58,35000,Retail,0
638,2023-05-20,US,67,100000,Technology,0
639,2023-06-28,GB,65,150000,Retail,0
640,2024-08-26,US,45,75000,Retail,0
641,2025-01-16,US,65,150000,Technology,0
642,2025-02-28,GB,23,50000,Education,0
643,2024-09-18,US,61,150000,Healthcare,0
644,2023-05-25,US,68,35000,Finance,0
645,2023-11-24,US,61,35000,Retail,0
646,2023-09-29,US,36,35000,Retail,0
647,2023-04-21,US,24,100000,Technology,0
648,2023-06-20,CA,52,100000,Retail,0
649,2023-04-14,CA,71,150000,Finance,0
650,2023-03-17,US,39,35000,Retail,0
651,2023-04-18,US,42,50000,Technology,0
652,2023-03-18,GB,26,75000,Education,0
653,2024-05-09,US,48,50000,Education,0
654,2023-06-10,US,27,75000,Finance,0
655,2024-02-24,GB,67,150000,Retail,0
656,2023-11-01,US,27,35000,Technology,0
657,2024-05-17,US,24,75000,Healthcare,0
658,2023-10-29,GB,51,50000,Healthcare,0
659,2023-06-24,US,26,100000,Healthcare,1
660,2024-02-12,CA,52,75000,Healthcare,0
661,2024-02-01,US,44,100000,Retail,0
662,2023-02-15,US,49,100000,Retail,0
663,2023-10-03,GB,24,50000,Healthcare,0
664,2023-12-19,GB,47,150000,Finance,0
665,2024-02-01,GB,47,150000,Technology,0
666,2023-08-30,CA,40,35000,Technology,0
667,2025-01-01,US,53,150000,Education,0
668,2024-11-24,GB,30,35000,Technology,0
669,2023-06-21,US,72,50000,Finance,0
670,2023-03-22,CA,33,50000,Education,1
671,2025-01-14,US,26,100000,Education,0
672,2023-11-30,US,54,100000,Healthcare,0
673,2024-09-30,GB,54,100000,Healthcare,0
674,2023-06-01,GB,58,150000,Healthcare,0
675,2024-07-30,US,71,75000,Education,0
676,2024-02-25,US,45,100000,Education,0
677,2023-02-08,US,38,100000,Finance,0
678,2024-11-28,CA,23,100000,Retail,0
679,2023-02-20,CA,38,75000,Healthcare,0
680,2023-11-07,US,38,100000,Healthcare,0
681,2023-08-22,US,40,100000,Retail,0
682,2024-03-02,GB,62,35000,Finance,0
683,2024-02-21,CA,69,150000,Retail,0
684,2024-06-11,US,25,75000,Education,0
685,2025-03-10,GB,57,35000,Finance,0
686,2023-07-25,US,36,35000,Technology,0
687,2024-01-05,US,38,75000,Technology,1
688,2024-10-12,US,64,35000,Finance,0
689,2024-08-31,CA,32,100000,Education,0
690,2023-12-19,US,74,75000,Healthcare,0
691,2024-01-31,US,31,150000,Finance,0
692,2024-10-24,US,64,50000,Retail,0
693,2024-06-09,US,70,35000,Technology,0
694,2024-10-24,US,59,35000,Finance,0
695,2023-11-09,US,48,100000,Retail,0
696,2023-08-12,CA,40,150000,Education,0
697,2023-04-15,US,53,75000,Education,0
698,2024-09-15,US,40,35000,Technology,0
699,2023-10-11,US,38,75000,Retail,1
700,2024-06-13,US,24,150000,Technology,0
701,2024-11-28,US,67,35000,Technology,0
702,2023-09-23,CA,46,100000,Healthcare,0
703,2024-08-08,US,42,50000,Education,0
704,2024-05-02,US,53,75000,Finance,0
705,2024-07-25,US,39,35000,Technology,0
706,2023-09-22,GB,69,50000,Retail,0
707,2023-08-16,US,35,75000,Technology,0
708,2023-12-06,US,37,150000,Retail,0
709,2023-05-01,CA,24,150000,Education,0
710,2023-03-14,CA,33,150000,Healthcare,0
711,2024-01-26,GB,40,100000,Healthcare,0
712,2023-06-04,US,33,75000,Technology,0
713,2024-04-13,US,41,50000,Healthcare,0
714,2024-10-08,US,41,35000,Healthcare,0
715,2023-08-03,US,57,50000,Technology,0
716,2025-03-09,US,29,150000,Technology,0
717,2024-02-18,CA,51,100000,Healthcare,0
718,2023-07-24,US,21,75000,Education,1
719,2024-11-23,US,61,50000,Finance,0
720,2023-12-19,US,29,35000,Technology,0
721,2023-11-10,US,25,35000,Retail,0
722,2024-04-11,GB,59,150000,Retail,0
723,2024-12-04,US,42,100000,Retail,0
724,2023-06-18,CA,22,50000,Finance,0
725,2023-05-15,US,67,35000,Education,0
726,2023-05-07,US,66,35000,Technology,0
727,2023-09-19,GB,60,35000,Education,0
728,2024-11-08,US,62,35000,Healthcare,0
729,2024-03-02,CA,45,35000,Education,0
730,2024-12-19,US,34,35000,Retail,0
731,2023-04-14,GB,38,150000,Education,0
732,2024-03-04,US,53,150000,Healthcare,0
733,2023-04-19,CA,33,150000,Finance,0
734,2024-06-19,US,43,100000,Retail,0
735,2024-07-15,CA,34,100000,Retail,0
736,2023-01-14,US,28,150000,Technology,0
737,2023-04-03,GB,25,35000,Retail,0
738,2024-04-12,US,37,100000,Healthcare,0
739,2023-06-28,US,75,75000,Retail,0
740,2023-11-17,CA,68,35000,Healthcare,0
741,2023-02-16,US,75,50000,Finance,0
742,2024-03-24,GB,38,35000,Retail,0
743,2023-07-07,US,46,100000,Technology,0
744,2024-01-30,CA,72,100000,Finance,0
745,2024-12-13,US,75,50000,Healthcare,0
746,2024-08-27,CA,72,150000,Technology,0
747,2024-01-24,US,60,35000,Finance,0
748,2024-05-14,US,47,100000,Healthcare,0
749,2024-11-01,US,21,150000,Education,1
750,2023-08-18,US,54,150000,Education,0
751,2024-11-08,US,51,75000,Technology,0
752,2024-07-25,GB,24,35000,Finance,0
753,2024-04-25,CA,31,35000,Technology,0
754,2023-12-05,US,24,150000,Finance,0
755,2024-01-23,CA,73,50000,Healthcare,0
756,2024-08-09,CA,26,100000,Technology,0
757,2024-05-24,US,27,100000,Technology,0
758,2024-07-16,US,73,35000,Education,1
759,2024-10-14,US,53,150000,Finance,0
760,2024-04-12,US,44,35000,Finance,0
761,2023-12-06,GB,70,150000,Education,0
762,2024-11-03,US,66,100000,Healthcare,0
763,2024-11-05,US,21,75000,Retail,0
764,2023-10-26,GB,54,75000,Healthcare,0
765,2023-06-18,CA,29,100000,Healthcare,1
766,2023-07-20,US,28,100000,Finance,0
767,2025-03-11,US,66,75000,Healthcare,0
768,2023-02-17,GB,28,100000,Technology,0
769,2024-05-31,US,52,35000,Education,0
770,2024-07-20,CA,74,150000,Technology,0
771,2025-03-10,US,65,150000,Finance,0
772,2023-05-12,US,45,150000,Education,0
773,2024-05-31,CA,47,150000,Finance,0
774,2023-12-18,US,49,50000,Finance,0
775,2024-12-17,GB,40,150000,Retail,0
776,2024-07-20,US,33,50000,Education,0
777,2024-12-04,US,64,50000,Finance,0
778,2024-12-11,US,66,35000,Retail,0
779,2024-08-19,GB,63,100000,Education,0
780,2024-03-08,US,54,35000,Healthcare,0
781,2023-02-24,US,33,75000,Finance,0
782,2024-11-30,US,30,35000,Retail,0
783,2024-07-08,US,43,100000,Healthcare,0
784,2024-11-22,GB,35,150000,Technology,0
785,2024-12-13,US,65,35000,Technology,0
786,2024-12-02,US,56,35000,Healthcare,0
787,2023-07-27,GB,70,100000,Finance,0
788,2024-12-22,US,69,150000,Education,0
789,2023-07-21,US,39,100000,Finance,0
790,2023-03-18,US,32,150000,Healthcare,0
791,2024-03-14,US,56,75000,Finance,0
792,2023-09-19,US,42,100000,Finance,0
793,2023-11-27,GB,24,150000,Retail,1
794,2024-08-09,GB,43,35000,Retail,0
795,2023-07-08,GB,25,150000,Finance,0
796,2024-07-03,CA,26,75000,Finance,0
797,2024-11-10,US,42,75000,Retail,0
798,2025-02-09,GB,54,100000,Education,0
799,2024-10-26,US,28,75000,Technology,0
800,2024-10-19,GB,60,50000,Healthcare,0
801,2023-11-25,CA,71,35000,Technology,0
802,2025-01-11,US,22,150000,Retail,0
803,2024-06-04,CA,52,35000,Retail,0
804,2023-07-17,US,53,35000,Healthcare,0
805,2025-03-02,GB,55,35000,Healthcare,0
806,2024-10-06,US,64,100000,Healthcare,0
807,2024-12-20,CA,62,35000,Finance,0
808,2025-01-04,US,23,35000,Healthcare,1
809,2023-09-15,GB,25,150000,Finance,1
810,2024-02-22,CA,49,100000,Technology,0
811,2024-02-03,US,55,35000,Education,0
812,2025-02-02,GB,23,35000,Retail,1
813,2023-04-19,US,71,75000,Education,0
814,2025-02-22,CA,45,100000,Healthcare,0
815,2024-06-30,US,29,100000,Education,0
816,2024-10-11,US,40,75000,Healthcare,0
817,2024-07-22,US,28,35000,Healthcare,0
818,2024-02-08,GB,56,35000,Retail,0
819,2025-01-29,US,34,100000,Education,0
820,2023-07-08,US,60,75000,Finance,0
821,2024-11-18,GB,75,35000,Education,0
822,2024-07-16,US,39,35000,Retail,0
823,2025-01-13,GB,52,75000,Retail,0
824,2024-11-02,US,27,75000,Education,0
825,2023-07-18,US,52,100000,Retail,1
826,2023-11-10,GB,30,150000,Education,0
827,2023-11-20,CA,31,35000,Retail,0
828,2023-08-15,CA,38,75000,Finance,0
829,2023-12-06,CA,50,100000,Retail,0
830,2024-05-13,GB,27,50000,Education,0
831,2023-10-15,US,55,50000,Retail,0
832,2024-10-03,US,67,35000,Healthcare,0
833,2024-10-08,US,73,150000,Education,0
834,2024-08-27,US,23,150000,Retail,0
835,2024-07-06,CA,62,50000,Retail,0
836,2025-03-01,GB,67,75000,Finance,0
837,2024-06-06,US,46,75000,Education,0
838,2023-09-02,GB,64,50000,Education,1
839,2023-06-13,US,57,150000,Finance,0
840,2024-05-10,US,23,50000,Technology,0
841,2023-09-28,US,35,35000,Finance,0
842,2024-01-05,CA,51,100000,Healthcare,0
843,2024-10-26,US,27,150000,Retail,1
844,2023-09-27,GB,55,150000,Finance,0
845,2024-01-23,US,58,35000,Education,0
846,2023-08-17,GB,46,75000,Retail,0
847,2024-05-08,GB,21,150000,Finance,0
848,2023-08-24,US,53,75000,Finance,0
849,2023-06-11,US,59,35000,Finance,0
850,2023-12-05,US,51,100000,Technology,0
851,2023-06-15,CA,22,50000,Healthcare,0
852,2024-08-29,US,29,150000,Healthcare,0
853,2023-05-31,US,31,75000,Finance,0
854,2024-02-20,GB,57,35000,Retail,0
855,2023-08-10,CA,59,100000,Technology,0
856,2024-02-25,GB,30,150000,Finance,0
857,2024-06-07,US,31,75000,Technology,0
858,2023-03-12,US,45,100000,Finance,0
859,2023-07-27,GB,53,100000,Finance,0
860,2023-07-01,CA,60,150000,Healthcare,0
861,2024-06-28,GB,69,35000,Healthcare,0
862,2023-05-14,GB,55,35000,Technology,0
863,2024-01-15,US,65,150000,Technology,0
864,2024-05-08,CA,43,150000,Education,0
865,2023-05-18,US,51,50000,Healthcare,0
866,2024-07-10,CA,37,50000,Healthcare,0
867,2023-01-08,GB,54,35000,Education,0
868,2024-11-01,US,65,75000,Technology,1
869,2023-06-08,CA,62,150000,Retail,0
870,2024-07-02,CA,57,75000,Education,0
871,2024-11-27,CA,69,50000,Technology,0
872,2024-07-24,CA,32,75000,Education,0
873,2023-09-17,US,57,75000,Technology,0
874,2024-11-06,US,68,50000,Technology,0
875,2023-06-15,US,34,150000,Technology,0
876,2024-07-17,GB,65,35000,Finance,0
877,2024-10-13,US,72,35000,Finance,0
878,2024-09-06,CA,26,35000,Retail,0
879,2023-03-23,GB,23,100000,Technology,0
880,2024-06-17,US,66,150000,Healthcare,0
881,2023-06-29,CA,49,35000,Finance,0
882,2024-06-14,US,33,35000,Education,0
883,2024-12-16,US,60,50000,Healthcare,0
884,2024-11-01,US,31,35000,Retail,0
885,2023-12-28,CA,46,150000,Finance,0
886,2025-01-24,US,26,150000,Retail,0
887,2024-07-26,GB,43,75000,Retail,0
888,2023-07-19,CA,46,150000,Healthcare,0
889,2024-02-21,GB,27,150000,Healthcare,0
890,2023-12-15,US,72,150000,Retail,0
891,2024-08-11,US,65,100000,Technology,0
892,2025-02-27,US,69,75000,Technology,0
893,2024-08-23,US,51,35000,Retail,0
894,2024-10-10,US,64,50000,Retail,1
895,2023-12-28,GB,55,35000,Retail,0
896,2023-04-06,CA,64,75000,Healthcare,0
897,2023-07-02,CA,41,75000,Finance,0
898,2023-10-03,US,68,50000,Technology,0
899,2023-08-29,US,37,50000,Finance,0
900,2023-09-13,GB,43,50000,Healthcare,0
901,2023-03-22,CA,60,35000,Education,0
902,2024-05-08,US,60,75000,Technology,0
903,2024-08-11,US,52,50000,Education,0
904,2023-08-16,GB,29,35000,Education,0
905,2024-05-04,GB,23,150000,Retail,0
906,2024-12-03,US,50,35000,Education,0
907,2024-12-06,US,21,50000,Technology,0
908,2023-11-30,US,60,75000,Finance,0
909,2023-08-31,US,51,150000,Retail,0
910,2024-05-25,CA,34,100000,Retail,0
911,2024-02-15,US,49,50000,Education,0
912,2024-08-12,US,73,35000,Retail,0
913,2024-07-22,CA,75,100000,Finance,0
914,2025-01-26,US,51,35000,Finance,0
915,2023-05-18,GB,55,75000,Technology,0
916,2024-07-29,GB,24,100000,Healthcare,0
917,2023-03-03,US,73,75000,Technology,0
918,2023-04-09,CA,68,75000,Retail,0
919,2024-07-27,GB,72,75000,Retail,0
920,2023-05-05,US,64,150000,Finance,1
921,2024-10-27,GB,32,75000,Retail,0
922,2024-06-06,CA,70,100000,Healthcare,0
923,2023-10-21,CA,61,50000,Finance,0
924,2023-12-12,CA,61,150000,Education,0
925,2023-03-15,US,31,75000,Finance,0
926,2024-10-30,US,66,75000,Education,0
927,2023-10-05,CA,70,75000,Education,0
928,2024-04-06,CA,31,50000,Healthcare,0
929,2023-08-29,US,68,35000,Finance,0
930,2023-04-16,US,25,100000,Education,0
931,2025-02-28,CA,54,35000,Healthcare,1
932,2023-06-09,US,62,100000,Retail,0
933,2025-01-25,US,49,50000,Finance,0
934,2023-06-24,US,23,75000,Retail,0
935,2024-04-23,GB,38,150000,Technology,0
936,2024-12-15,GB,32,150000,Education,0
937,2025-02-05,GB,48,150000,Education,0
938,2023-12-22,CA,55,50000,Healthcare,0
939,2024-01-10,CA,37,50000,Retail,0
940,2024-06-19,US,43,75000,Technology,1
941,2024-12-05,CA,69,100000,Retail,0
942,2024-03-16,US,59,50000,Healthcare,1
943,2023-07-13,CA,56,100000,Technology,0
944,2025-01-02,CA,74,100000,Finance,0
945,2024-03-08,US,54,150000,Retail,0
946,2025-01-30,GB,72,75000,Technology,0
947,2023-03-12,US,29,75000,Healthcare,0
948,2024-09-24,CA,38,150000,Technology,0
949,2023-01-20,US,24,150000,Healthcare,0
950,2023-04-15,US,38,50000,Technology,0
951,2023-08-27,US,30,35000,Technology,0
952,2024-03-06,US,71,100000,Retail,0
953,2023-02-02,US,26,50000,Healthcare,0
954,2024-02-06,US,55,100000,Finance,0
955,2023-09-14,CA,74,35000,Healthcare,0
956,2025-01-01,US,45,100000,Finance,0
957,2023-02-04,US,50,35000,Education,0
958,2023-08-02,CA,45,75000,Retail,0
959,2025-01-15,US,68,150000,Education,0
960,2024-05-07,US,33,75000,Healthcare,0
961,2023-08-12,US,36,100000,Retail,0
962,2023-10-10,GB,28,100000,Finance,1
963,2023-02-13,GB,71,100000,Education,1
964,2025-02-28,US,36,50000,Technology,0
965,2024-09-25,US,69,35000,Healthcare,0
966,2023-06-07,GB,71,35000,Finance,0
967,2023-11-21,GB,71,75000,Technology,0
968,2023-01-22,CA,43,50000,Retail,0
969,2024-05-11,CA,56,75000,Education,0
970,2023-07-14,GB,32,150000,Retail,0
971,2024-04-24,US,74,150000,Education,0
972,2024-06-27,US,49,75000,Retail,0
973,2024-04-09,US,70,150000,Technology,0
974,2023-01-20,GB,75,75000,Education,0
975,2025-01-08,US,63,150000,Technology,0
976,2024-11-30,CA,70,150000,Finance,0
977,2023-11-27,CA,62,75000,Healthcare,0
978,2024-11-05,US,23,50000,Finance,0
979,2023-07-26,US,52,50000,Healthcare,0
980,2024-10-19,CA,63,100000,Education,1
981,2024-08-27,US,24,75000,Finance,0
982,2023-03-14,US,34,100000,Healthcare,0
983,2024-10-16,US,44,150000,Technology,0
984,2024-12-26,US,73,150000,Retail,0
985,2025-01-21,US,74,75000,Healthcare,0
986,2024-06-15,US,27,50000,Education,0
987,2023-07-17,GB,63,50000,Education,0
988,2023-07-03,GB,68,150000,Technology,0
989,2025-02-23,GB,43,100000,Technology,0
990,2023-06-20,US,56,100000,Education,0
991,2023-06-11,GB,59,100000,Retail,0
992,2024-07-17,US,75,75000,Technology,0
993,2024-03-16,US,59,50000,Education,0
994,2024-01-20,GB,68,75000,Retail,0
995,2024-04-03,CA,21,35000,Retail,0
996,2024-06-14,US,40,35000,Retail,0
997,2023-08-08,US,22,75000,Education,0
998,2024-08-07,GB,30,35000,Healthcare,0
999,2023-06-09,US,37,75000,Education,0
1000,2023-09-20,US,26,150000,Technology,0
