account_id,total_transactions,total_spend,avg_transaction_amount,location_mismatch_count,distinct_devices,fraud_events
1,14,1593.36,113.8114285714285714,7,14,0
2,22,2846.53,129.3877272727272727,16,22,0
3,15,16195.39,1079.6926666666666667,6,15,7
4,20,18399.52,919.9760000000000000,15,20,11
5,13,1553.63,119.5100000000000000,8,13,0
6,17,2022.43,118.9664705882352941,6,17,0
7,15,1576.29,105.0860000000000000,13,15,0
8,23,2367.84,102.9495652173913043,9,23,0
9,18,2139.31,118.8505555555555556,14,17,0
10,11,1080.82,98.2563636363636364,5,11,0
11,19,2290.81,120.5689473684210526,5,19,0
12,14,2240.76,160.0542857142857143,5,14,0
13,23,2463.32,107.1008695652173913,19,23,0
14,20,2631.35,131.5675000000000000,8,19,0
15,31,3545.49,114.3706451612903226,18,30,0
16,23,2704.69,117.5952173913043478,19,23,0
17,17,2237.41,131.6123529411764706,16,17,0
18,15,1641.12,109.4080000000000000,4,15,0
19,17,2129.08,125.2400000000000000,11,16,0
20,23,2746.01,119.3917391304347826,19,22,0
21,25,3352.10,134.0840000000000000,19,24,0
22,24,2731.21,113.8004166666666667,19,24,0
23,23,2502.41,108.8004347826086957,9,23,0
24,26,3405.44,130.9784615384615385,13,26,0
25,18,2046.98,113.7211111111111111,10,18,0
26,18,2624.33,145.7961111111111111,15,18,0
27,23,2844.16,123.6591304347826087,8,23,0
28,25,17282.55,691.3020000000000000,7,25,8
29,20,2488.44,124.4220000000000000,10,20,0
30,29,3863.35,133.2189655172413793,27,28,0
31,18,2219.55,123.3083333333333333,7,17,0
32,26,2539.59,97.6765384615384615,13,26,0
33,21,3080.64,146.6971428571428571,9,21,0
34,17,2070.91,121.8182352941176471,6,17,0
35,19,2101.92,110.6273684210526316,7,18,0
36,14,1707.03,121.9307142857142857,9,14,0
37,18,2694.21,149.6783333333333333,14,18,0
38,19,2584.26,136.0136842105263158,12,19,0
39,25,3848.32,153.9328000000000000,10,25,0
40,13,1720.34,132.3338461538461538,7,13,0
41,29,3452.01,119.0348275862068966,22,29,0
42,23,2674.03,116.2621739130434783,15,23,0
43,19,22345.24,1176.0652631578947368,10,19,10
44,15,1897.14,126.4760000000000000,6,14,0
45,18,2319.03,128.8350000000000000,8,18,0
46,25,2948.60,117.9440000000000000,22,25,0
47,22,2564.67,116.5759090909090909,9,22,0
48,20,2373.07,118.6535000000000000,10,19,0
49,26,3257.30,125.2807692307692308,13,25,0
50,18,1853.53,102.9738888888888889,15,18,0
51,29,4433.34,152.8737931034482759,9,29,0
52,29,3914.83,134.9941379310344828,24,28,0
53,25,3043.69,121.7476000000000000,12,25,0
54,19,2032.40,106.9684210526315789,12,18,0
55,25,18957.96,758.3184000000000000,22,25,10
56,23,3107.10,135.0913043478260870,3,22,0
57,24,2995.87,124.8279166666666667,13,23,0
58,21,3524.12,167.8152380952380952,18,21,0
59,23,2743.41,119.2786956521739130,12,23,0
60,19,2393.60,125.9789473684210526,8,19,0
61,22,2267.63,103.0740909090909091,8,22,0
62,20,2375.42,118.7710000000000000,8,18,0
63,26,13770.06,529.6176923076923077,12,26,8
64,17,1829.88,107.6400000000000000,15,17,0
65,14,10818.57,772.7550000000000000,10,14,6
66,20,2690.21,134.5105000000000000,16,20,0
67,23,2416.81,105.0786956521739130,15,23,0
68,15,2036.50,135.7666666666666667,11,15,0
69,15,1632.23,108.8153333333333333,12,15,0
70,23,3318.21,144.2700000000000000,10,22,0
71,24,2574.45,107.2687500000000000,19,24,0
72,21,2681.82,127.7057142857142857,9,20,0
73,23,3139.73,136.5100000000000000,6,23,0
74,22,3127.41,142.1550000000000000,5,21,0
75,9,1425.50,158.3888888888888889,5,9,0
76,17,2418.22,142.2482352941176471,13,17,0
77,28,3647.57,130.2703571428571429,12,27,0
78,21,17227.29,820.3471428571428571,12,21,7
79,22,2857.80,129.9000000000000000,14,22,0
80,26,3128.05,120.3096153846153846,20,25,0
81,24,3083.85,128.4937500000000000,17,24,0
82,21,2813.03,133.9538095238095238,15,20,0
83,28,3175.75,113.4196428571428571,24,28,0
84,15,1758.89,117.2593333333333333,6,15,0
85,20,2251.92,112.5960000000000000,16,20,0
86,17,2113.99,124.3523529411764706,6,17,0
87,16,2008.14,125.5087500000000000,8,16,0
88,27,2861.08,105.9659259259259259,11,27,0
89,21,2501.91,119.1385714285714286,15,21,0
90,22,2596.18,118.0081818181818182,8,22,0
91,25,3053.18,122.1272000000000000,23,24,0
92,28,3703.70,132.2750000000000000,21,28,0
93,16,2229.59,139.3493750000000000,8,16,0
94,15,2114.39,140.9593333333333333,14,15,0
95,18,2205.11,122.5061111111111111,15,18,0
96,31,3722.15,120.0693548387096774,23,30,0
97,24,3937.45,164.0604166666666667,9,23,0
98,18,2361.58,131.1988888888888889,7,18,0
99,18,2669.99,148.3327777777777778,6,18,0
100,14,2246.39,160.4564285714285714,12,14,0
101,19,1866.66,98.2452631578947368,14,19,0
102,11,1294.27,117.6609090909090909,6,11,0
103,35,5027.35,143.6385714285714286,30,35,0
104,28,3642.77,130.0989285714285714,22,27,0
105,15,1959.44,130.6293333333333333,12,15,0
106,18,2640.08,146.6711111111111111,12,18,0
107,21,2684.56,127.8361904761904762,13,21,0
108,26,3467.21,133.3542307692307692,12,25,0
109,28,3673.55,131.1982142857142857,13,27,0
110,26,2789.58,107.2915384615384615,9,26,0
111,25,14730.20,589.2080000000000000,11,24,7
112,26,3569.77,137.2988461538461538,7,26,0
113,15,1957.62,130.5080000000000000,12,15,0
114,18,2498.09,138.7827777777777778,13,18,0
115,22,2968.78,134.9445454545454545,17,22,0
116,16,2007.33,125.4581250000000000,13,16,0
117,22,3217.80,146.2636363636363636,17,20,0
118,21,2713.79,129.2280952380952381,9,21,0
119,17,2196.85,129.2264705882352941,6,17,0
120,12,1732.21,144.3508333333333333,9,12,0
121,19,2424.71,127.6163157894736842,8,19,0
122,17,2307.03,135.7076470588235294,4,17,0
123,16,1648.18,103.0112500000000000,12,16,0
124,16,1826.07,114.1293750000000000,7,16,0
125,21,2132.40,101.5428571428571429,19,21,0
126,20,8551.45,427.5725000000000000,9,20,7
127,18,2167.30,120.4055555555555556,7,18,0
128,16,13254.33,828.3956250000000000,11,14,8
129,22,2706.78,123.0354545454545455,17,22,0
130,22,3155.61,143.4368181818181818,7,22,0
131,18,2348.31,130.4616666666666667,4,18,0
132,16,2113.13,132.0706250000000000,13,16,0
133,11,1746.72,158.7927272727272727,4,11,0
134,16,2109.57,131.8481250000000000,6,16,0
135,23,2793.00,121.4347826086956522,17,23,0
136,8,869.93,108.7412500000000000,3,8,0
137,33,30069.93,911.2100000000000000,19,33,13
138,22,2326.55,105.7522727272727273,10,22,0
139,19,2361.00,124.2631578947368421,9,19,0
140,29,3318.76,114.4400000000000000,12,27,0
141,17,1579.39,92.9052941176470588,14,17,0
142,17,2195.91,129.1711764705882353,7,16,0
143,21,3084.38,146.8752380952380952,17,21,0
144,22,3127.14,142.1427272727272727,21,22,0
145,16,2102.74,131.4212500000000000,8,16,0
146,26,3336.62,128.3315384615384615,13,26,0
147,20,2025.97,101.2985000000000000,9,19,0
148,12,1354.03,112.8358333333333333,7,12,0
149,15,1756.35,117.0900000000000000,5,15,0
150,19,13549.72,713.1431578947368421,9,19,6
151,26,2667.30,102.5884615384615385,8,25,0
152,16,2176.23,136.0143750000000000,7,16,0
153,18,2280.05,126.6694444444444444,4,18,0
154,19,2844.23,149.6963157894736842,17,18,0
155,23,2692.46,117.0634782608695652,19,23,0
156,22,2454.95,111.5886363636363636,10,22,0
157,28,3137.51,112.0539285714285714,12,28,0
158,10,1449.02,144.9020000000000000,7,10,0
159,21,2926.51,139.3576190476190476,11,21,0
160,20,2892.61,144.6305000000000000,13,19,0
161,17,2127.71,125.1594117647058824,8,17,0
162,14,7823.22,558.8014285714285714,6,14,3
163,13,1435.44,110.4184615384615385,11,13,0
164,22,2683.32,121.9690909090909091,8,22,0
165,11,1514.69,137.6990909090909091,9,11,0
166,23,3024.13,131.4839130434782609,11,22,0
167,19,14276.33,751.3857894736842105,18,18,9
168,13,1744.12,134.1630769230769231,11,13,0
169,20,2465.27,123.2635000000000000,17,20,0
170,24,3024.35,126.0145833333333333,21,23,0
171,15,2502.69,166.8460000000000000,8,15,0
172,19,2597.32,136.7010526315789474,11,19,0
173,23,3015.01,131.0873913043478261,10,23,0
174,21,3012.98,143.4752380952380952,6,21,0
175,20,2538.29,126.9145000000000000,5,20,0
176,12,1676.00,139.6666666666666667,11,12,0
177,26,3383.80,130.1461538461538462,8,26,0
178,17,2090.72,122.9835294117647059,8,16,0
179,18,2564.10,142.4500000000000000,6,18,0
180,13,1684.31,129.5623076923076923,9,13,0
181,28,3241.26,115.7592857142857143,15,28,0
182,22,2338.62,106.3009090909090909,12,21,0
183,26,3242.19,124.6996153846153846,10,26,0
184,15,1761.09,117.4060000000000000,11,15,0
185,25,19012.08,760.4832000000000000,11,25,8
186,20,2362.32,118.1160000000000000,7,20,0
187,20,2256.01,112.8005000000000000,7,19,0
188,17,2391.94,140.7023529411764706,8,16,0
189,19,2328.05,122.5289473684210526,6,19,0
190,15,1472.63,98.1753333333333333,5,15,0
191,18,2106.18,117.0100000000000000,7,16,0
192,27,4132.45,153.0537037037037037,12,27,0
193,23,14202.71,617.5091304347826087,21,23,7
194,15,1469.31,97.9540000000000000,3,15,0
195,24,3106.78,129.4491666666666667,10,24,0
196,21,10947.35,521.3023809523809524,17,21,5
197,19,2643.47,139.1300000000000000,8,18,0
198,20,2845.12,142.2560000000000000,20,20,0
199,29,3430.00,118.2758620689655172,12,28,0
200,24,3412.91,142.2045833333333333,11,24,0
201,23,3048.60,132.5478260869565217,7,22,0
202,21,2257.67,107.5080952380952381,6,21,0
203,21,3205.75,152.6547619047619048,11,21,0
204,18,2081.85,115.6583333333333333,6,18,0
205,14,1403.44,100.2457142857142857,11,14,0
206,13,1339.20,103.0153846153846154,7,13,0
207,19,2738.90,144.1526315789473684,6,19,0
208,22,2760.29,125.4677272727272727,19,22,0
209,16,2429.62,151.8512500000000000,7,16,0
210,27,3712.07,137.4840740740740741,23,27,0
211,22,3483.87,158.3577272727272727,17,21,0
212,26,3496.81,134.4926923076923077,22,25,0
213,24,3486.60,145.2750000000000000,9,24,0
214,18,2359.45,131.0805555555555556,6,18,0
215,14,1900.48,135.7485714285714286,6,14,0
216,19,2220.81,116.8847368421052632,11,19,0
217,29,4219.77,145.5093103448275862,22,28,0
218,22,3064.27,139.2850000000000000,10,22,0
219,21,3294.27,156.8700000000000000,21,21,0
220,17,1730.18,101.7752941176470588,9,17,0
221,23,12601.78,547.9034782608695652,15,23,9
222,16,2179.16,136.1975000000000000,7,16,0
223,20,2804.59,140.2295000000000000,11,20,0
224,20,2228.86,111.4430000000000000,11,19,0
225,22,3161.69,143.7131818181818182,17,22,0
226,30,3607.38,120.2460000000000000,11,30,0
227,20,2370.36,118.5180000000000000,7,20,0
228,26,3228.81,124.1850000000000000,20,26,0
229,21,2941.06,140.0504761904761905,11,21,0
230,26,3381.28,130.0492307692307692,18,26,0
231,12,1917.56,159.7966666666666667,10,12,0
232,23,2948.79,128.2082608695652174,20,22,0
233,29,3510.43,121.0493103448275862,25,28,0
234,22,2055.68,93.4400000000000000,8,21,0
235,18,15971.22,887.2900000000000000,10,18,8
236,27,3478.43,128.8307407407407407,11,27,0
237,16,1647.57,102.9731250000000000,16,16,0
238,20,2948.36,147.4180000000000000,8,20,0
239,15,2043.44,136.2293333333333333,11,15,0
240,16,1738.31,108.6443750000000000,3,16,0
241,20,2633.62,131.6810000000000000,19,20,0
242,18,2311.60,128.4222222222222222,5,18,0
243,14,1960.28,140.0200000000000000,5,14,0
244,14,1659.86,118.5614285714285714,9,14,0
245,22,2967.89,134.9040909090909091,7,21,0
246,21,2629.17,125.1985714285714286,7,21,0
247,20,2241.35,112.0675000000000000,16,19,0
248,15,2090.09,139.3393333333333333,14,15,0
249,28,4252.81,151.8860714285714286,19,26,0
250,16,2096.26,131.0162500000000000,14,16,0
251,18,2063.42,114.6344444444444444,15,17,0
252,17,13325.47,783.8511764705882353,16,17,8
253,16,1734.84,108.4275000000000000,11,16,0
254,18,1602.93,89.0516666666666667,14,18,0
255,18,2196.90,122.0500000000000000,4,18,0
256,33,21292.95,645.2409090909090909,18,32,13
257,26,3592.78,138.1838461538461538,24,26,0
258,25,3620.92,144.8368000000000000,11,25,0
259,14,1181.95,84.4250000000000000,12,14,0
260,21,2885.00,137.3809523809523810,10,21,0
261,20,3178.45,158.9225000000000000,12,20,0
262,18,1942.50,107.9166666666666667,12,17,0
263,19,2161.75,113.7763157894736842,7,19,0
264,25,3445.26,137.8104000000000000,9,25,0
265,16,1700.11,106.2568750000000000,8,16,0
266,15,1872.83,124.8553333333333333,13,15,0
267,16,2083.43,130.2143750000000000,7,16,0
268,24,2606.92,108.6216666666666667,9,23,0
269,20,16384.90,819.2450000000000000,9,20,8
270,18,14935.64,829.7577777777777778,7,18,7
271,13,1683.25,129.4807692307692308,9,13,0
272,23,2740.69,119.1604347826086957,7,23,0
273,20,2491.82,124.5910000000000000,17,20,0
274,20,2602.11,130.1055000000000000,9,20,0
275,19,2460.04,129.4757894736842105,4,18,0
276,16,1866.04,116.6275000000000000,8,16,0
277,24,3584.66,149.3608333333333333,8,24,0
278,23,2957.10,128.5695652173913043,7,23,0
279,16,2257.44,141.0900000000000000,7,16,0
280,21,2737.40,130.3523809523809524,5,21,0
281,18,2091.20,116.1777777777777778,4,18,0
282,20,2459.10,122.9550000000000000,17,19,0
283,28,3457.38,123.4778571428571429,15,28,0
284,24,2679.09,111.6287500000000000,5,24,0
285,20,2773.83,138.6915000000000000,17,19,0
286,20,2405.97,120.2985000000000000,7,20,0
287,17,1788.66,105.2152941176470588,14,17,0
288,15,2372.03,158.1353333333333333,12,15,0
289,21,2976.49,141.7376190476190476,7,21,0
290,19,2269.53,119.4489473684210526,15,19,0
291,16,2005.61,125.3506250000000000,7,16,0
292,26,2757.28,106.0492307692307692,9,26,0
293,14,1862.20,133.0142857142857143,11,14,0
294,19,2430.05,127.8973684210526316,6,19,0
295,22,3072.05,139.6386363636363636,9,21,0
296,22,2515.99,114.3631818181818182,11,21,0
297,18,2649.79,147.2105555555555556,8,18,0
298,16,1763.83,110.2393750000000000,6,16,0
299,9,5878.91,653.2122222222222222,5,9,4
300,19,2713.58,142.8200000000000000,9,18,0
301,18,2739.40,152.1888888888888889,15,18,0
302,22,2930.12,133.1872727272727273,10,21,0
303,22,2468.16,112.1890909090909091,17,21,0
304,16,2333.52,145.8450000000000000,11,16,0
305,18,2287.29,127.0716666666666667,13,18,0
306,17,2374.81,139.6947058823529412,13,17,0
307,16,1778.90,111.1812500000000000,12,16,0
308,21,16123.56,767.7885714285714286,13,21,10
309,24,2983.59,124.3162500000000000,12,24,0
310,18,2019.17,112.1761111111111111,6,18,0
311,19,2630.75,138.4605263157894737,17,19,0
312,17,1814.36,106.7270588235294118,7,17,0
313,15,1384.61,92.3073333333333333,2,15,0
314,25,3255.50,130.2200000000000000,12,25,0
315,21,2250.00,107.1428571428571429,19,21,0
316,17,1865.03,109.7076470588235294,7,17,0
317,23,2859.08,124.3078260869565217,18,23,0
318,21,2576.87,122.7080952380952381,17,21,0
319,16,2252.47,140.7793750000000000,7,16,0
320,25,15085.17,603.4068000000000000,12,24,9
321,17,1982.31,116.6064705882352941,7,17,0
322,20,2604.31,130.2155000000000000,18,20,0
323,21,2426.60,115.5523809523809524,18,21,0
324,23,21760.56,946.1113043478260870,21,23,10
325,27,3322.06,123.0392592592592593,24,27,0
326,22,2254.54,102.4790909090909091,7,22,0
327,18,11937.50,663.1944444444444444,15,18,6
328,29,3035.36,104.6675862068965517,9,28,0
329,22,3060.90,139.1318181818181818,10,22,0
330,16,1437.68,89.8550000000000000,12,16,0
331,20,2311.64,115.5820000000000000,16,20,0
332,15,1997.13,133.1420000000000000,12,15,0
333,14,1411.97,100.8550000000000000,7,14,0
334,21,2768.40,131.8285714285714286,7,21,0
335,26,3378.16,129.9292307692307692,13,26,0
336,24,3288.48,137.0200000000000000,10,23,0
337,13,1441.36,110.8738461538461538,6,13,0
338,27,3423.51,126.7966666666666667,24,27,0
339,20,2517.41,125.8705000000000000,3,19,0
340,18,2198.17,122.1205555555555556,5,18,0
341,23,3155.60,137.2000000000000000,17,23,0
342,22,2639.23,119.9650000000000000,11,22,0
343,14,1712.86,122.3471428571428571,6,14,0
344,25,3278.02,131.1208000000000000,13,25,0
345,22,2956.58,134.3900000000000000,10,22,0
346,21,2933.26,139.6790476190476190,15,21,0
347,20,2679.02,133.9510000000000000,8,20,0
348,16,1849.19,115.5743750000000000,15,15,0
349,27,3676.96,136.1837037037037037,25,26,0
350,26,3595.21,138.2773076923076923,20,25,0
351,19,2651.35,139.5447368421052632,13,19,0
352,15,1978.43,131.8953333333333333,9,15,0
353,21,2771.50,131.9761904761904762,11,21,0
354,15,1705.32,113.6880000000000000,6,15,0
355,27,3511.19,130.0440740740740741,7,26,0
356,23,3102.07,134.8726086956521739,9,22,0
357,18,2387.04,132.6133333333333333,11,18,0
358,18,2044.92,113.6066666666666667,15,18,0
359,22,3269.94,148.6336363636363636,6,22,0
360,26,2941.71,113.1426923076923077,17,26,0
361,16,1907.07,119.1918750000000000,4,16,0
362,13,1428.84,109.9107692307692308,7,13,0
363,24,3156.79,131.5329166666666667,5,23,0
364,22,2730.25,124.1022727272727273,18,22,0
365,23,3021.61,131.3743478260869565,20,21,0
366,25,2913.14,116.5256000000000000,7,24,0
367,23,3277.78,142.5121739130434783,5,23,0
368,18,2104.45,116.9138888888888889,15,18,0
369,16,2458.25,153.6406250000000000,8,16,0
370,26,3163.39,121.6688461538461538,23,26,0
371,21,2460.59,117.1709523809523810,14,21,0
372,17,2759.15,162.3029411764705882,7,17,0
373,19,2507.07,131.9510526315789474,11,19,0
374,27,3418.55,126.6129629629629630,22,27,0
375,15,1773.70,118.2466666666666667,13,15,0
376,17,2234.67,131.4511764705882353,6,17,0
377,20,2498.28,124.9140000000000000,8,20,0
378,17,1891.24,111.2494117647058824,15,17,0
379,22,2337.22,106.2372727272727273,9,22,0
380,20,2505.04,125.2520000000000000,17,20,0
381,24,2903.49,120.9787500000000000,21,23,0
382,10,1241.20,124.1200000000000000,4,10,0
383,20,2259.99,112.9995000000000000,15,20,0
384,13,1822.24,140.1723076923076923,6,13,0
385,22,3232.10,146.9136363636363636,5,22,0
386,20,2399.33,119.9665000000000000,14,20,0
387,21,3032.60,144.4095238095238095,8,21,0
388,16,1897.63,118.6018750000000000,2,16,0
389,23,1945.96,84.6069565217391304,16,23,0
390,28,3017.52,107.7685714285714286,9,28,0
391,18,2306.37,128.1316666666666667,9,18,0
392,16,1750.58,109.4112500000000000,2,16,0
393,17,1941.12,114.1835294117647059,11,17,0
394,15,1345.57,89.7046666666666667,4,15,0
395,16,1732.30,108.2687500000000000,7,16,0
396,14,1866.21,133.3007142857142857,11,14,0
397,16,2298.41,143.6506250000000000,4,16,0
398,19,2309.73,121.5647368421052632,9,19,0
399,13,1260.85,96.9884615384615385,11,13,0
400,24,3486.04,145.2516666666666667,11,24,0
401,20,2701.50,135.0750000000000000,11,20,0
402,13,1735.43,133.4946153846153846,3,13,0
403,22,2321.99,105.5450000000000000,17,21,0
404,17,2291.71,134.8064705882352941,4,17,0
405,15,1749.40,116.6266666666666667,8,15,0
406,25,3405.30,136.2120000000000000,13,25,0
407,16,12229.39,764.3368750000000000,14,16,7
408,17,2096.61,123.3300000000000000,7,17,0
409,21,2538.44,120.8780952380952381,8,20,0
410,15,1760.26,117.3506666666666667,5,15,0
411,20,2642.46,132.1230000000000000,15,20,0
412,18,2842.18,157.8988888888888889,9,18,0
413,18,11423.43,634.6350000000000000,7,18,5
414,21,2696.26,128.3933333333333333,9,21,0
415,19,1929.71,101.5636842105263158,7,18,0
416,16,1795.98,112.2487500000000000,13,16,0
417,19,2461.51,129.5531578947368421,16,19,0
418,14,2147.02,153.3585714285714286,6,14,0
419,22,2731.44,124.1563636363636364,6,22,0
420,29,3949.84,136.2013793103448276,6,29,0
421,14,1572.11,112.2935714285714286,7,14,0
422,14,1539.76,109.9828571428571429,11,14,0
423,27,3697.52,136.9451851851851852,19,27,0
424,19,2110.59,111.0836842105263158,13,19,0
425,16,2253.90,140.8687500000000000,8,16,0
426,15,1494.23,99.6153333333333333,4,14,0
427,16,1568.50,98.0312500000000000,8,15,0
428,18,2215.39,123.0772222222222222,8,18,0
429,20,2573.10,128.6550000000000000,15,20,0
430,16,1895.44,118.4650000000000000,12,16,0
431,11,1684.35,153.1227272727272727,5,11,0
432,24,3559.65,148.3187500000000000,18,24,0
433,19,2522.44,132.7600000000000000,7,19,0
434,24,3069.41,127.8920833333333333,14,23,0
435,19,2850.74,150.0389473684210526,16,19,0
436,15,2335.33,155.6886666666666667,12,15,0
437,19,2741.23,144.2752631578947368,4,19,0
438,21,2111.97,100.5700000000000000,9,21,0
439,21,2750.55,130.9785714285714286,14,21,0
440,22,3036.75,138.0340909090909091,18,21,0
441,17,2496.21,146.8358823529411765,10,17,0
442,13,1833.00,141.0000000000000000,7,13,0
443,14,1740.73,124.3378571428571429,5,14,0
444,21,2887.74,137.5114285714285714,8,20,0
445,31,3809.27,122.8796774193548387,11,31,0
446,25,3197.32,127.8928000000000000,10,25,0
447,19,2666.13,140.3226315789473684,15,19,0
448,24,3032.21,126.3420833333333333,18,24,0
449,18,2479.68,137.7600000000000000,13,18,0
450,26,2798.72,107.6430769230769231,10,26,0
451,19,15464.59,813.9257894736842105,18,19,9
452,27,3408.04,126.2237037037037037,8,27,0
453,24,2636.99,109.8745833333333333,8,24,0
454,21,2561.75,121.9880952380952381,10,21,0
455,21,2515.45,119.7833333333333333,9,21,0
456,19,2055.48,108.1831578947368421,6,18,0
457,26,3279.74,126.1438461538461538,15,26,0
458,13,1175.61,90.4315384615384615,4,13,0
459,14,1710.58,122.1842857142857143,10,14,0
460,18,2422.74,134.5966666666666667,9,18,0
461,23,1804.80,78.4695652173913043,21,22,0
462,21,2670.95,127.1880952380952381,16,21,0
463,18,2648.84,147.1577777777777778,6,18,0
464,18,2063.86,114.6588888888888889,14,18,0
465,20,2791.10,139.5550000000000000,10,20,0
466,22,2890.80,131.4000000000000000,5,22,0
467,26,3482.50,133.9423076923076923,13,26,0
468,17,1946.46,114.4976470588235294,7,17,0
469,24,2732.72,113.8633333333333333,12,24,0
470,17,2065.35,121.4911764705882353,7,17,0
471,17,2012.52,118.3835294117647059,14,17,0
472,15,1959.61,130.6406666666666667,10,15,0
473,20,2451.28,122.5640000000000000,8,20,0
474,13,1589.28,122.2523076923076923,5,13,0
475,21,2461.47,117.2128571428571429,17,20,0
476,17,2290.16,134.7152941176470588,6,17,0
477,20,2350.25,117.5125000000000000,13,20,0
478,11,1431.55,130.1409090909090909,9,11,0
479,27,3634.56,134.6133333333333333,9,27,0
480,24,2960.10,123.3375000000000000,11,24,0
481,15,2423.52,161.5680000000000000,5,14,0
482,21,2795.50,133.1190476190476190,9,20,0
483,24,2604.31,108.5129166666666667,22,24,0
484,22,2804.91,127.4959090909090909,11,22,0
485,21,2960.58,140.9800000000000000,12,21,0
486,18,1926.77,107.0427777777777778,8,18,0
487,20,2720.72,136.0360000000000000,9,20,0
488,24,2852.50,118.8541666666666667,12,23,0
489,13,1142.60,87.8923076923076923,2,13,0
490,19,3070.44,161.6021052631578947,14,19,0
491,23,13428.25,583.8369565217391304,11,23,7
492,16,2032.29,127.0181250000000000,11,16,0
493,21,2043.26,97.2980952380952381,16,20,0
494,22,3127.51,142.1595454545454545,10,22,0
495,22,3234.71,147.0322727272727273,19,22,0
496,16,1902.17,118.8856250000000000,4,16,0
497,28,3689.20,131.7571428571428571,14,28,0
498,25,3581.69,143.2676000000000000,9,24,0
499,13,2037.29,156.7146153846153846,7,13,0
500,15,1860.05,124.0033333333333333,13,15,0
501,25,3282.17,131.2868000000000000,17,24,0
502,13,1566.24,120.4800000000000000,10,13,0
503,30,3697.70,123.2566666666666667,11,30,0
504,17,1715.63,100.9194117647058824,13,17,0
505,14,1681.30,120.0928571428571429,7,14,0
506,29,4059.83,139.9941379310344828,24,28,0
507,19,2315.86,121.8873684210526316,14,18,0
508,21,2083.07,99.1938095238095238,19,21,0
509,19,2361.84,124.3073684210526316,10,19,0
510,13,1793.83,137.9869230769230769,6,12,0
511,18,2178.12,121.0066666666666667,17,18,0
512,19,17146.88,902.4673684210526316,9,19,8
513,23,2530.50,110.0217391304347826,11,23,0
514,21,2326.95,110.8071428571428571,18,21,0
515,14,2064.94,147.4957142857142857,12,13,0
516,26,2899.12,111.5046153846153846,23,26,0
517,26,2756.84,106.0323076923076923,13,26,0
518,20,2523.31,126.1655000000000000,7,20,0
519,20,2199.45,109.9725000000000000,15,19,0
520,10,1089.80,108.9800000000000000,8,10,0
521,15,2113.20,140.8800000000000000,6,15,0
522,22,2573.13,116.9604545454545455,11,20,0
523,18,1928.68,107.1488888888888889,3,18,0
524,16,1562.67,97.6668750000000000,5,16,0
525,20,2654.62,132.7310000000000000,16,20,0
526,23,2407.59,104.6778260869565217,9,23,0
527,16,1830.70,114.4187500000000000,5,16,0
528,28,3646.46,130.2307142857142857,22,27,0
529,26,3461.73,133.1434615384615385,20,26,0
530,21,2798.44,133.2590476190476190,7,20,0
531,14,1733.20,123.8000000000000000,5,14,0
532,9,1229.96,136.6622222222222222,6,9,0
533,13,1749.08,134.5446153846153846,9,13,0
534,27,3817.44,141.3866666666666667,21,27,0
535,24,2592.23,108.0095833333333333,6,24,0
536,13,1626.37,125.1053846153846154,10,13,0
537,22,3421.80,155.5363636363636364,12,22,0
538,23,2898.11,126.0047826086956522,6,23,0
539,15,2391.50,159.4333333333333333,7,15,0
540,18,2094.23,116.3461111111111111,7,18,0
541,15,1510.44,100.6960000000000000,8,14,0
542,17,1749.51,102.9123529411764706,6,17,0
543,20,2810.22,140.5110000000000000,10,20,0
544,18,2770.36,153.9088888888888889,9,18,0
545,18,2677.63,148.7572222222222222,12,18,0
546,17,2311.61,135.9770588235294118,14,17,0
547,30,18278.34,609.2780000000000000,15,29,8
548,22,3234.77,147.0350000000000000,20,22,0
549,17,1904.25,112.0147058823529412,5,17,0
550,24,2928.69,122.0287500000000000,8,24,0
551,28,3082.96,110.1057142857142857,15,28,0
552,27,3407.69,126.2107407407407407,15,27,0
553,21,3036.38,144.5895238095238095,10,21,0
554,22,3261.53,148.2513636363636364,11,22,0
555,20,2242.87,112.1435000000000000,6,20,0
556,22,12872.21,585.1004545454545455,13,22,7
557,25,2554.70,102.1880000000000000,11,25,0
558,19,2100.89,110.5731578947368421,9,19,0
559,18,2069.00,114.9444444444444444,8,17,0
560,16,2004.36,125.2725000000000000,12,16,0
561,18,13294.88,738.6044444444444444,10,18,8
562,23,2359.11,102.5700000000000000,10,23,0
563,15,2021.20,134.7466666666666667,9,15,0
564,16,2026.69,126.6681250000000000,8,16,0
565,15,2794.89,186.3260000000000000,6,15,0
566,21,3306.06,157.4314285714285714,7,20,0
567,19,1940.31,102.1215789473684211,5,19,0
568,14,1994.31,142.4507142857142857,13,14,0
569,24,2490.63,103.7762500000000000,6,23,0
570,17,2425.31,142.6652941176470588,16,17,0
571,23,2222.85,96.6456521739130435,10,23,0
572,16,14097.20,881.0750000000000000,7,16,8
573,16,2093.84,130.8650000000000000,13,16,0
574,30,3767.98,125.5993333333333333,14,29,0
575,24,2547.70,106.1541666666666667,8,24,0
576,16,1905.60,119.1000000000000000,12,16,0
577,15,2319.25,154.6166666666666667,6,14,0
578,13,13660.66,1050.8200000000000000,11,11,5
579,11,1056.87,96.0790909090909091,4,11,0
580,20,2705.44,135.2720000000000000,15,19,0
581,19,2484.18,130.7463157894736842,7,19,0
582,26,3236.73,124.4896153846153846,12,26,0
583,24,3374.95,140.6229166666666667,22,22,0
584,19,2088.15,109.9026315789473684,16,19,0
585,23,3251.41,141.3656521739130435,7,23,0
586,24,3435.85,143.1604166666666667,7,23,0
587,17,13745.07,808.5335294117647059,9,17,6
588,20,2385.32,119.2660000000000000,6,19,0
589,21,2588.44,123.2590476190476190,18,21,0
590,16,2605.93,162.8706250000000000,8,16,0
591,15,2054.61,136.9740000000000000,7,15,0
592,20,2490.62,124.5310000000000000,6,20,0
593,15,2046.96,136.4640000000000000,7,15,0
594,18,1992.67,110.7038888888888889,13,18,0
595,19,2555.46,134.4978947368421053,3,19,0
596,16,2224.07,139.0043750000000000,9,16,0
597,18,1697.23,94.2905555555555556,9,18,0
598,18,2597.83,144.3238888888888889,7,17,0
599,23,2997.03,130.3056521739130435,21,23,0
600,19,2755.66,145.0347368421052632,13,19,0
601,17,2327.41,136.9064705882352941,14,17,0
602,15,1795.30,119.6866666666666667,7,15,0
603,20,2581.89,129.0945000000000000,9,20,0
604,24,2935.35,122.3062500000000000,8,24,0
605,22,2915.79,132.5359090909090909,9,22,0
606,17,1953.19,114.8935294117647059,14,17,0
607,19,1965.58,103.4515789473684211,9,19,0
608,24,3535.08,147.2950000000000000,12,23,0
609,23,10884.02,473.2182608695652174,9,23,5
610,21,3696.87,176.0414285714285714,8,21,0
611,18,2478.45,137.6916666666666667,14,17,0
612,15,2256.61,150.4406666666666667,6,15,0
613,13,1510.02,116.1553846153846154,5,13,0
614,16,2695.47,168.4668750000000000,7,16,0
615,18,2198.65,122.1472222222222222,4,18,0
616,16,1615.99,100.9993750000000000,7,16,0
617,21,5836.30,277.9190476190476190,19,19,3
618,24,21677.35,903.2229166666666667,21,23,11
619,25,3300.92,132.0368000000000000,10,24,0
620,24,3348.27,139.5112500000000000,12,24,0
621,19,1760.95,92.6815789473684211,15,19,0
622,28,3365.95,120.2125000000000000,13,28,0
623,20,2238.31,111.9155000000000000,9,20,0
624,21,2709.61,129.0290476190476190,9,21,0
625,19,2654.12,139.6905263157894737,6,19,0
626,18,10122.47,562.3594444444444444,10,18,6
627,22,2716.04,123.4563636363636364,5,22,0
628,15,1971.90,131.4600000000000000,12,15,0
629,29,3483.83,120.1320689655172414,9,27,0
630,22,2465.46,112.0663636363636364,13,22,0
631,19,2272.64,119.6126315789473684,9,19,0
632,25,3135.73,125.4292000000000000,20,24,0
633,16,2270.51,141.9068750000000000,5,16,0
634,20,2567.11,128.3555000000000000,12,20,0
635,16,2373.36,148.3350000000000000,5,16,0
636,16,2080.86,130.0537500000000000,5,15,0
637,26,3548.11,136.4657692307692308,20,26,0
638,28,3237.51,115.6253571428571429,10,28,0
639,15,2261.67,150.7780000000000000,10,15,0
640,15,1745.15,116.3433333333333333,8,15,0
641,21,3093.89,147.3280952380952381,6,21,0
642,14,2008.56,143.4685714285714286,9,14,0
643,17,2416.76,142.1623529411764706,1,17,0
644,19,2335.71,122.9321052631578947,7,19,0
645,28,3802.04,135.7871428571428571,11,27,0
646,24,3755.41,156.4754166666666667,11,24,0
647,20,2477.82,123.8910000000000000,7,20,0
648,20,2353.57,117.6785000000000000,14,20,0
649,15,1798.38,119.8920000000000000,12,15,0
650,13,1814.34,139.5646153846153846,3,13,0
651,24,3294.53,137.2720833333333333,9,24,0
652,15,2267.29,151.1526666666666667,10,15,0
653,15,2140.92,142.7280000000000000,5,14,0
654,16,1784.87,111.5543750000000000,8,16,0
655,19,2096.66,110.3505263157894737,15,18,0
656,27,2889.62,107.0229629629629630,10,27,0
657,15,1950.24,130.0160000000000000,4,15,0
658,21,3033.26,144.4409523809523810,18,20,0
659,26,16440.34,632.3207692307692308,11,26,8
660,13,1760.91,135.4546153846153846,10,13,0
661,24,3077.54,128.2308333333333333,7,23,0
662,25,3562.44,142.4976000000000000,11,25,0
663,19,2246.30,118.2263157894736842,14,19,0
664,15,2063.39,137.5593333333333333,13,15,0
665,23,2852.32,124.0139130434782609,21,22,0
666,17,2155.20,126.7764705882352941,13,17,0
667,27,3472.73,128.6196296296296296,10,27,0
668,26,3516.37,135.2450000000000000,17,26,0
669,21,2517.23,119.8680952380952381,9,21,0
670,20,16960.74,848.0370000000000000,19,19,9
671,23,2721.36,118.3200000000000000,7,23,0
672,15,2224.82,148.3213333333333333,7,15,0
673,13,1432.83,110.2176923076923077,10,13,0
674,23,2974.10,129.3086956521739130,20,23,0
675,27,3026.69,112.0996296296296296,9,26,0
676,19,1942.20,102.2210526315789474,9,19,0
677,20,3012.43,150.6215000000000000,9,20,0
678,25,2836.77,113.4708000000000000,20,25,0
679,21,2818.37,134.2080952380952381,15,21,0
680,17,2313.36,136.0800000000000000,9,17,0
681,19,2407.44,126.7073684210526316,7,19,0
682,20,2362.26,118.1130000000000000,15,20,0
683,19,2337.91,123.0478947368421053,16,19,0
684,21,2287.71,108.9385714285714286,8,21,0
685,26,3481.36,133.8984615384615385,23,25,0
686,24,2244.83,93.5345833333333333,9,24,0
687,16,19304.05,1206.5031250000000000,8,16,9
688,11,1582.06,143.8236363636363636,4,11,0
689,19,2254.59,118.6626315789473684,17,19,0
690,20,2952.57,147.6285000000000000,9,20,0
691,21,3601.84,171.5161904761904762,7,20,0
692,19,2659.21,139.9584210526315789,7,18,0
693,13,1795.79,138.1376923076923077,9,13,0
694,23,2523.25,109.7065217391304348,10,23,0
695,12,1582.59,131.8825000000000000,3,12,0
696,13,1853.92,142.6092307692307692,8,13,0
697,19,2236.32,117.7010526315789474,6,19,0
698,19,2396.27,126.1194736842105263,10,19,0
699,25,16356.74,654.2696000000000000,13,25,6
700,25,3494.87,139.7948000000000000,12,25,0
701,15,1904.01,126.9340000000000000,7,15,0
702,21,2638.38,125.6371428571428571,18,21,0
703,23,2877.57,125.1117391304347826,5,23,0
704,18,2395.69,133.0938888888888889,3,18,0
705,22,2598.83,118.1286363636363636,7,22,0
706,22,3400.99,154.5904545454545455,16,22,0
707,22,2273.34,103.3336363636363636,9,22,0
708,22,2945.19,133.8722727272727273,4,22,0
709,20,2766.98,138.3490000000000000,16,20,0
710,18,2819.24,156.6244444444444444,13,18,0
711,26,2677.00,102.9615384615384615,18,25,0
712,21,2670.34,127.1590476190476190,13,21,0
713,21,2540.70,120.9857142857142857,9,21,0
714,23,3334.23,144.9665217391304348,10,23,0
715,21,2989.19,142.3423809523809524,9,20,0
716,23,3226.45,140.2804347826086957,11,23,0
717,24,3531.02,147.1258333333333333,15,24,0
718,21,14349.41,683.3052380952380952,14,21,9
719,20,2453.84,122.6920000000000000,7,20,0
720,19,2454.14,129.1652631578947368,11,19,0
721,20,3157.73,157.8865000000000000,6,20,0
722,21,2486.49,118.4042857142857143,18,21,0
723,23,2274.65,98.8978260869565217,7,22,0
724,18,1662.19,92.3438888888888889,13,17,0
725,14,2030.00,145.0000000000000000,4,14,0
726,18,2472.47,137.3594444444444444,6,18,0
727,21,2578.63,122.7919047619047619,15,20,0
728,23,2924.10,127.1347826086956522,11,23,0
729,14,1698.29,121.3064285714285714,12,14,0
730,24,2954.94,123.1225000000000000,11,24,0
731,13,1792.37,137.8746153846153846,11,13,0
732,21,2650.45,126.2119047619047619,11,20,0
733,13,1727.54,132.8876923076923077,11,13,0
734,18,2541.17,141.1761111111111111,6,18,0
735,21,2894.64,137.8400000000000000,18,21,0
736,20,2686.89,134.3445000000000000,12,20,0
737,29,4040.26,139.3193103448275862,23,29,0
738,15,1694.35,112.9566666666666667,4,15,0
739,22,2485.97,112.9986363636363636,11,20,0
740,17,2223.10,130.7705882352941176,13,17,0
741,19,2228.70,117.3000000000000000,6,19,0
742,17,2132.43,125.4370588235294118,13,17,0
743,25,3317.20,132.6880000000000000,10,23,0
744,19,2418.10,127.2684210526315789,17,19,0
745,23,2903.00,126.2173913043478261,12,23,0
746,17,2235.45,131.4970588235294118,15,17,0
747,12,1850.09,154.1741666666666667,4,12,0
748,12,1589.93,132.4941666666666667,4,11,0
749,22,8801.22,400.0554545454545455,10,22,5
750,22,2627.31,119.4231818181818182,7,22,0
751,18,1901.26,105.6255555555555556,6,18,0
752,12,1811.59,150.9658333333333333,9,12,0
753,21,2575.25,122.6309523809523810,12,20,0
754,21,2483.46,118.2600000000000000,8,21,0
755,23,2883.67,125.3769565217391304,18,23,0
756,19,2271.21,119.5373684210526316,16,19,0
757,14,1158.16,82.7257142857142857,3,14,0
758,17,9893.52,581.9717647058823529,13,16,5
759,15,2295.37,153.0246666666666667,6,15,0
760,17,2496.19,146.8347058823529412,7,17,0
761,19,2512.65,132.2447368421052632,15,19,0
762,12,1677.09,139.7575000000000000,5,12,0
763,21,3076.45,146.4976190476190476,8,21,0
764,22,2415.96,109.8163636363636364,17,22,0
765,14,7620.54,544.3242857142857143,9,14,3
766,13,1094.06,84.1584615384615385,6,13,0
767,24,2816.89,117.3704166666666667,7,23,0
768,17,2429.96,142.9388235294117647,14,17,0
769,18,2014.17,111.8983333333333333,9,18,0
770,18,2519.38,139.9655555555555556,15,18,0
771,26,3381.18,130.0453846153846154,6,26,0
772,19,2969.64,156.2968421052631579,10,18,0
773,18,2027.71,112.6505555555555556,15,18,0
774,25,3516.83,140.6732000000000000,8,24,0
775,15,1127.05,75.1366666666666667,13,15,0
776,14,1329.87,94.9907142857142857,4,14,0
777,20,2822.66,141.1330000000000000,8,20,0
778,15,2025.06,135.0040000000000000,6,15,0
779,13,1501.02,115.4630769230769231,10,13,0
780,15,1935.08,129.0053333333333333,8,15,0
781,21,2878.30,137.0619047619047619,5,21,0
782,20,2178.14,108.9070000000000000,13,19,0
783,22,2991.58,135.9809090909090909,10,22,0
784,19,2702.01,142.2110526315789474,16,19,0
785,23,2244.25,97.5760869565217391,7,23,0
786,30,3472.12,115.7373333333333333,9,30,0
787,30,4212.53,140.4176666666666667,21,30,0
788,18,2525.31,140.2950000000000000,8,18,0
789,28,3697.16,132.0414285714285714,13,28,0
790,21,2664.79,126.8947619047619048,9,20,0
791,23,3094.36,134.5373913043478261,7,23,0
792,16,1889.79,118.1118750000000000,8,16,0
793,28,16714.43,596.9439285714285714,23,28,9
794,18,2268.77,126.0427777777777778,15,18,0
795,20,2743.31,137.1655000000000000,15,19,0
796,20,2520.73,126.0365000000000000,13,18,0
797,14,1876.23,134.0164285714285714,6,14,0
798,13,1747.93,134.4561538461538462,11,13,0
799,26,3687.17,141.8142307692307692,9,26,0
800,24,3603.74,150.1558333333333333,16,24,0
801,22,3096.60,140.7545454545454545,12,22,0
802,25,3290.42,131.6168000000000000,11,25,0
803,24,3318.94,138.2891666666666667,20,24,0
804,19,2891.23,152.1700000000000000,9,19,0
805,24,2702.61,112.6087500000000000,20,24,0
806,21,2529.26,120.4409523809523810,6,19,0
807,20,2396.73,119.8365000000000000,16,19,0
808,10,7583.52,758.3520000000000000,5,10,4
809,25,22909.36,916.3744000000000000,22,24,11
810,24,3372.06,140.5025000000000000,17,23,0
811,20,2410.21,120.5105000000000000,10,20,0
812,12,7115.72,592.9766666666666667,11,12,4
813,22,2587.67,117.6213636363636364,12,22,0
814,26,2804.38,107.8607692307692308,21,26,0
815,25,3381.62,135.2648000000000000,10,25,0
816,28,3427.09,122.3960714285714286,11,28,0
817,28,3270.29,116.7960714285714286,10,28,0
818,20,2567.36,128.3680000000000000,14,20,0
819,29,3430.62,118.2972413793103448,13,29,0
820,20,2499.64,124.9820000000000000,6,20,0
821,25,2909.71,116.3884000000000000,21,24,0
822,26,2991.42,115.0546153846153846,7,26,0
823,17,2109.90,124.1117647058823529,16,17,0
824,20,2260.83,113.0415000000000000,10,20,0
825,19,10640.87,560.0457894736842105,12,18,7
826,20,2392.54,119.6270000000000000,15,20,0
827,16,2455.66,153.4787500000000000,14,16,0
828,17,1896.29,111.5464705882352941,17,16,0
829,22,3138.76,142.6709090909090909,17,21,0
830,26,2986.00,114.8461538461538462,20,25,0
831,24,2877.28,119.8866666666666667,5,24,0
832,27,3047.18,112.8585185185185185,13,27,0
833,27,3395.93,125.7751851851851852,15,26,0
834,25,3460.42,138.4168000000000000,14,25,0
835,23,3324.79,144.5560869565217391,18,23,0
836,22,2686.15,122.0977272727272727,18,22,0
837,15,1673.26,111.5506666666666667,6,15,0
838,24,20471.52,852.9800000000000000,21,22,9
839,18,2373.57,131.8650000000000000,6,18,0
840,14,1889.26,134.9471428571428571,4,14,0
841,23,3150.61,136.9830434782608696,10,22,0
842,22,2711.22,123.2372727272727273,16,22,0
843,16,12178.93,761.1831250000000000,5,16,6
844,17,2605.16,153.2447058823529412,14,16,0
845,19,2630.16,138.4294736842105263,7,19,0
846,20,3228.72,161.4360000000000000,15,20,0
847,25,3929.56,157.1824000000000000,20,25,0
848,27,3340.24,123.7125925925925926,7,27,0
849,15,1904.05,126.9366666666666667,6,14,0
850,25,2506.57,100.2628000000000000,8,25,0
851,18,2067.87,114.8816666666666667,18,18,0
852,23,3353.24,145.7930434782608696,11,22,0
853,23,3404.01,148.0004347826086957,7,22,0
854,21,2518.21,119.9147619047619048,18,21,0
855,22,2843.19,129.2359090909090909,15,22,0
856,21,3144.01,149.7147619047619048,13,21,0
857,19,2145.60,112.9263157894736842,8,18,0
858,15,2259.54,150.6360000000000000,5,15,0
859,22,2613.60,118.8000000000000000,20,22,0
860,28,3709.83,132.4939285714285714,22,28,0
861,31,4125.79,133.0900000000000000,25,31,0
862,12,1840.70,153.3916666666666667,11,12,0
863,16,1575.58,98.4737500000000000,4,16,0
864,24,2996.80,124.8666666666666667,21,23,0
865,18,2351.04,130.6133333333333333,11,18,0
866,22,2847.98,129.4536363636363636,18,22,0
867,14,1535.46,109.6757142857142857,12,13,0
868,13,4986.00,383.5384615384615385,6,13,3
869,23,2319.33,100.8404347826086957,17,22,0
870,25,3173.05,126.9220000000000000,19,25,0
871,23,3091.17,134.3986956521739130,18,23,0
872,19,2429.92,127.8905263157894737,18,19,0
873,16,1725.76,107.8600000000000000,5,16,0
874,17,2425.83,142.6958823529411765,3,17,0
875,18,2243.68,124.6488888888888889,8,18,0
876,17,2075.67,122.0982352941176471,11,17,0
877,19,2545.58,133.9778947368421053,9,17,0
878,24,3001.83,125.0762500000000000,20,24,0
879,19,2889.08,152.0568421052631579,15,18,0
880,22,2784.86,126.5845454545454545,4,21,0
881,25,3469.03,138.7612000000000000,22,24,0
882,14,1743.15,124.5107142857142857,3,14,0
883,22,2566.22,116.6463636363636364,7,22,0
884,11,1638.05,148.9136363636363636,4,11,0
885,23,2749.94,119.5626086956521739,20,23,0
886,18,2122.43,117.9127777777777778,11,18,0
887,22,2725.46,123.8845454545454545,17,22,0
888,33,3724.95,112.8772727272727273,26,33,0
889,20,2911.25,145.5625000000000000,16,20,0
890,14,1790.29,127.8778571428571429,5,14,0
891,12,1646.27,137.1891666666666667,6,12,0
892,15,1745.91,116.3940000000000000,9,15,0
893,21,2894.96,137.8552380952380952,10,21,0
894,24,24188.36,1007.8483333333333333,15,23,13
895,24,2375.27,98.9695833333333333,21,23,0
896,30,4102.84,136.7613333333333333,23,30,0
897,15,1534.43,102.2953333333333333,10,15,0
898,16,2278.52,142.4075000000000000,8,16,0
899,25,3002.94,120.1176000000000000,10,25,0
900,18,2351.81,130.6561111111111111,12,18,0
901,28,3039.20,108.5428571428571429,19,28,0
902,20,2484.13,124.2065000000000000,12,20,0
903,24,2944.84,122.7016666666666667,10,24,0
904,21,2462.78,117.2752380952380952,16,21,0
905,19,2581.85,135.8868421052631579,14,19,0
906,18,2140.23,118.9016666666666667,6,18,0
907,18,2206.23,122.5683333333333333,9,18,0
908,26,3097.17,119.1219230769230769,13,26,0
909,18,2504.01,139.1116666666666667,4,18,0
910,18,2112.13,117.3405555555555556,15,17,0
911,26,3117.72,119.9123076923076923,8,25,0
912,24,2559.62,106.6508333333333333,11,24,0
913,21,3036.05,144.5738095238095238,14,21,0
914,22,3227.07,146.6850000000000000,11,22,0
915,27,3577.36,132.4948148148148148,22,27,0
916,18,2736.74,152.0411111111111111,14,18,0
917,18,2211.37,122.8538888888888889,12,18,0
918,18,2170.50,120.5833333333333333,15,18,0
919,13,945.56,72.7353846153846154,10,13,0
920,26,25428.03,978.0011538461538462,13,26,14
921,20,2708.30,135.4150000000000000,16,20,0
922,16,2086.49,130.4056250000000000,13,16,0
923,21,2173.03,103.4776190476190476,15,21,0
924,19,2265.31,119.2268421052631579,15,19,0
925,12,1842.75,153.5625000000000000,3,11,0
926,26,3033.44,116.6707692307692308,10,25,0
927,10,1241.34,124.1340000000000000,7,10,0
928,22,2753.62,125.1645454545454545,16,22,0
929,23,3638.29,158.1865217391304348,9,23,0
930,22,2943.48,133.7945454545454545,7,22,0
931,16,6363.09,397.6931250000000000,11,16,4
932,28,3672.87,131.1739285714285714,13,28,0
933,19,2232.33,117.4910526315789474,11,19,0
934,23,2662.50,115.7608695652173913,12,23,0
935,24,2892.99,120.5412500000000000,20,24,0
936,13,1741.03,133.9253846153846154,13,13,0
937,13,1464.75,112.6730769230769231,12,13,0
938,18,2580.10,143.3388888888888889,14,18,0
939,23,2587.52,112.5008695652173913,20,23,0
940,17,7300.41,429.4358823529411765,7,16,4
941,23,3057.35,132.9282608695652174,17,23,0
942,20,15300.91,765.0455000000000000,10,20,7
943,11,1237.24,112.4763636363636364,9,10,0
944,20,2145.05,107.2525000000000000,15,20,0
945,24,3347.03,139.4595833333333333,8,24,0
946,21,2420.31,115.2528571428571429,17,21,0
947,17,2068.06,121.6505882352941176,8,17,0
948,22,2669.29,121.3313636363636364,19,22,0
949,25,2649.26,105.9704000000000000,11,24,0
950,22,3055.67,138.8940909090909091,6,22,0
951,14,2289.81,163.5578571428571429,3,14,0
952,34,4067.55,119.6338235294117647,15,34,0
953,22,2221.78,100.9900000000000000,10,22,0
954,18,2124.15,118.0083333333333333,8,18,0
955,24,2581.57,107.5654166666666667,20,22,0
956,19,2393.07,125.9510526315789474,6,19,0
957,18,2185.68,121.4266666666666667,4,18,0
958,15,2137.25,142.4833333333333333,11,15,0
959,15,2310.06,154.0040000000000000,6,15,0
960,19,2113.53,111.2384210526315789,7,19,0
961,15,1644.58,109.6386666666666667,6,15,0
962,25,20422.50,816.9000000000000000,21,24,10
963,23,11360.33,493.9273913043478261,17,22,4
964,17,2541.31,149.4888235294117647,5,17,0
965,20,2386.42,119.3210000000000000,7,20,0
966,26,3773.18,145.1223076923076923,25,26,0
967,31,4050.77,130.6700000000000000,26,31,0
968,13,1418.57,109.1207692307692308,8,13,0
969,17,2518.13,148.1252941176470588,11,17,0
970,18,2207.81,122.6561111111111111,12,18,0
971,22,2980.98,135.4990909090909091,9,22,0
972,21,2815.93,134.0919047619047619,8,21,0
973,20,2206.58,110.3290000000000000,9,20,0
974,19,2120.34,111.5968421052631579,17,19,0
975,24,3021.68,125.9033333333333333,7,24,0
976,16,2154.41,134.6506250000000000,14,16,0
977,19,2366.28,124.5410526315789474,15,19,0
978,25,2681.19,107.2476000000000000,11,24,0
979,18,1195.11,66.3950000000000000,9,18,0
980,22,11793.47,536.0668181818181818,19,22,7
981,20,2314.41,115.7205000000000000,4,20,0
982,15,2221.31,148.0873333333333333,7,14,0
983,14,1681.31,120.0935714285714286,3,14,0
984,24,2564.33,106.8470833333333333,11,23,0
985,24,3371.61,140.4837500000000000,9,24,0
986,23,3197.84,139.0365217391304348,10,23,0
987,25,3184.67,127.3868000000000000,23,25,0
988,17,2351.88,138.3458823529411765,12,17,0
989,22,2784.42,126.5645454545454545,16,22,0
990,22,3089.30,140.4227272727272727,9,22,0
991,27,3964.91,146.8485185185185185,23,27,0
992,24,3102.96,129.2900000000000000,11,24,0
993,12,1419.28,118.2733333333333333,4,12,0
994,18,1876.18,104.2322222222222222,15,18,0
995,23,3213.83,139.7317391304347826,18,23,0
996,25,3312.41,132.4964000000000000,5,25,0
997,20,2819.91,140.9955000000000000,6,20,0
998,30,3707.20,123.5733333333333333,30,29,0
999,18,1671.89,92.8827777777777778,10,18,0
1000,12,1603.25,133.6041666666666667,5,12,0
